Home Team,Away Team,Score,Half Time Score,Match Excitement,Home Team Rating,Away Team Rating,Home Team Possession %,Away Team Possession %,Home Team Off Target Shots,Home Team On Target Shots,Home Team Total Shots,Home Team Blocked Shots,Home Team Corners,Home Team Throw Ins,Home Team Pass Success %,Home Team Aerials Won,Home Team Clearances,Home Team Fouls,Home Team Yellow Cards,Home Team Second Yellow Cards,Home Team Red Cards,Away Team Off Target Shots,Away Team On Target Shots,Away Team Total Shots,Away Team Blocked Shots,Away Team Corners,Away Team Throw Ins,Away Team Pass Success %,Away Team Aerials Won,Away Team Clearances,Away Team Fouls,Away Team Yellow Cards,Away Team Second Yellow Cards,Away Team Red Cards
ARSENAL,LEICESTER CITY,4-3,2-2,9.9,7.7,5.2,70,30,9.0,10.0,27.0,8.0,9.0,21.0,85.0,18.0,30.0,9.0,0.0,0.0,0.0,3.0,3.0,6.0,0.0,4.0,31.0,64.0,18.0,24.0,12.0,1.0,0.0,0.0
WATFORD,LIVERPOOL,3-3,2-1,9.0,6.3,6.3,46,54,4.0,4.0,9.0,1.0,3.0,26.0,70.0,22.0,28.0,14.0,0.0,0.0,0.0,8.0,5.0,14.0,1.0,3.0,27.0,74.0,25.0,22.0,8.0,3.0,0.0,0.0
CHELSEA,BURNLEY,2-3,0-3,9.6,4.7,6.9,62,38,6.0,6.0,19.0,7.0,8.0,13.0,86.0,17.0,22.0,16.0,4.0,1.0,1.0,4.0,5.0,10.0,1.0,5.0,7.0,75.0,22.0,42.0,11.0,3.0,0.0,0.0
EVERTON,STOKE,1-0,1-0,3.0,7.2,6.2,62,38,3.0,4.0,9.0,2.0,6.0,24.0,79.0,19.0,43.0,13.0,1.0,0.0,0.0,6.0,1.0,9.0,2.0,7.0,27.0,72.0,25.0,24.0,10.0,1.0,0.0,0.0
WEST BROM,BOURNEMOUTH,1-0,1-0,3.6,6.9,5.6,29,71,9.0,6.0,16.0,1.0,8.0,30.0,65.0,12.0,26.0,15.0,3.0,0.0,0.0,2.0,2.0,9.0,5.0,2.0,14.0,86.0,18.0,17.0,3.0,1.0,0.0,0.0
SOUTHAMPTON,SWANSEA,0-0,0-0,2.8,6.1,6.4,60,40,16.0,2.0,29.0,11.0,13.0,26.0,83.0,17.0,11.0,10.0,2.0,0.0,0.0,2.0,0.0,4.0,2.0,0.0,15.0,78.0,18.0,38.0,13.0,1.0,0.0,0.0
CRYSTAL PALACE,HUDDERSFIELD,0-3,0-2,5.2,5.1,7.8,57,43,7.0,4.0,14.0,3.0,12.0,19.0,78.0,18.0,18.0,7.0,1.0,0.0,0.0,3.0,6.0,9.0,0.0,9.0,30.0,65.0,16.0,29.0,19.0,3.0,0.0,0.0
BRIGHTON,MAN CITY,0-2,0-0,4.3,5.3,7.1,22,78,2.0,2.0,6.0,2.0,3.0,18.0,61.0,13.0,39.0,6.0,0.0,0.0,0.0,5.0,4.0,14.0,5.0,10.0,17.0,90.0,13.0,8.0,9.0,2.0,0.0,0.0
NEWCASTLE,TOTTENHAM,0-2,0-0,4.6,5.0,7.3,27,73,4.0,2.0,6.0,0.0,5.0,26.0,64.0,16.0,29.0,6.0,1.0,0.0,1.0,5.0,6.0,18.0,7.0,7.0,26.0,89.0,15.0,22.0,10.0,2.0,0.0,0.0
MAN UTD,WEST HAM,4-0,1-0,6.5,8.3,4.8,55,45,8.0,5.0,21.0,8.0,11.0,21.0,85.0,23.0,19.0,19.0,2.0,0.0,0.0,6.0,1.0,9.0,2.0,1.0,13.0,80.0,13.0,26.0,7.0,2.0,0.0,0.0
SWANSEA,MAN UTD,0-4,0-1,6.5,4.8,8.8,41,59,5.0,1.0,5.0,0.0,3.0,23.0,78.0,19.0,28.0,12.0,1.0,0.0,0.0,6.0,8.0,17.0,3.0,5.0,13.0,87.0,11.0,26.0,11.0,1.0,0.0,0.0
LIVERPOOL,CRYSTAL PALACE,1-0,0-0,4.1,8.1,5.2,72,28,5.0,13.0,23.0,5.0,4.0,23.0,85.0,20.0,11.0,12.0,1.0,0.0,0.0,2.0,1.0,4.0,1.0,2.0,20.0,66.0,13.0,26.0,13.0,3.0,0.0,0.0
LEICESTER CITY,BRIGHTON,2-0,1-0,3.8,6.9,5.5,45,55,4.0,4.0,14.0,6.0,6.0,17.0,78.0,17.0,16.0,8.0,1.0,0.0,0.0,0.0,2.0,5.0,3.0,2.0,22.0,83.0,16.0,20.0,10.0,0.0,0.0,0.0
BURNLEY,WEST BROM,0-1,0-0,2.8,5.5,6.4,68,32,15.0,0.0,20.0,5.0,5.0,22.0,79.0,24.0,33.0,11.0,1.0,0.0,0.0,5.0,1.0,8.0,2.0,5.0,29.0,56.0,20.0,36.0,11.0,0.0,0.0,1.0
SOUTHAMPTON,WEST HAM,3-2,2-1,9.5,6.2,5.1,66,34,6.0,5.0,14.0,3.0,7.0,16.0,86.0,16.0,19.0,18.0,1.0,0.0,0.0,6.0,8.0,16.0,2.0,2.0,13.0,67.0,25.0,38.0,10.0,1.0,0.0,1.0
BOURNEMOUTH,WATFORD,0-2,0-0,5.0,5.1,7.4,56,44,1.0,2.0,6.0,3.0,8.0,21.0,77.0,16.0,31.0,6.0,1.0,0.0,0.0,7.0,7.0,19.0,5.0,5.0,26.0,78.0,17.0,28.0,14.0,3.0,0.0,0.0
STOKE,ARSENAL,1-0,0-0,3.8,6.9,6.0,23,77,5.0,4.0,11.0,2.0,2.0,13.0,64.0,18.0,35.0,6.0,0.0,0.0,0.0,6.0,6.0,18.0,6.0,9.0,21.0,87.0,9.0,9.0,11.0,0.0,0.0,0.0
HUDDERSFIELD,NEWCASTLE,1-0,0-0,3.3,6.6,5.9,53,47,3.0,3.0,7.0,1.0,7.0,23.0,77.0,24.0,29.0,13.0,3.0,0.0,0.0,3.0,5.0,13.0,5.0,3.0,29.0,71.0,12.0,27.0,10.0,4.0,0.0,0.0
TOTTENHAM,CHELSEA,1-2,0-1,7.0,6.1,6.5,68,32,6.0,6.0,18.0,6.0,14.0,25.0,85.0,12.0,14.0,14.0,4.0,0.0,0.0,4.0,2.0,9.0,3.0,3.0,8.0,70.0,16.0,40.0,21.0,3.0,0.0,0.0
MAN CITY,EVERTON,1-1,0-1,5.5,6.1,6.0,65,35,9.0,6.0,19.0,4.0,7.0,29.0,82.0,22.0,6.0,7.0,2.0,1.0,0.0,5.0,2.0,7.0,0.0,1.0,31.0,66.0,12.0,30.0,9.0,3.0,1.0,0.0
BOURNEMOUTH,MAN CITY,1-2,1-1,7.0,4.8,6.9,30,70,3.0,3.0,9.0,3.0,2.0,19.0,59.0,13.0,31.0,13.0,5.0,0.0,0.0,7.0,8.0,19.0,4.0,5.0,35.0,87.0,23.0,35.0,14.0,5.0,1.0,0.0
NEWCASTLE,WEST HAM,3-0,1-0,5.6,7.4,4.8,37,63,6.0,8.0,17.0,3.0,7.0,19.0,62.0,25.0,21.0,17.0,1.0,0.0,0.0,5.0,3.0,8.0,0.0,5.0,32.0,76.0,16.0,22.0,11.0,3.0,0.0,0.0
HUDDERSFIELD,SOUTHAMPTON,0-0,0-0,2.6,6.4,6.2,45,55,4.0,6.0,16.0,6.0,5.0,27.0,70.0,25.0,19.0,10.0,0.0,0.0,0.0,3.0,3.0,6.0,1.0,4.0,28.0,76.0,18.0,29.0,10.0,1.0,0.0,0.0
CRYSTAL PALACE,SWANSEA,0-2,0-1,3.9,5.2,7.1,53,47,12.0,3.0,16.0,1.0,1.0,27.0,83.0,21.0,9.0,9.0,4.0,0.0,0.0,2.0,3.0,7.0,2.0,1.0,20.0,80.0,18.0,28.0,6.0,1.0,0.0,0.0
WATFORD,BRIGHTON,0-0,0-0,2.8,5.8,6.1,42,58,5.0,0.0,8.0,3.0,3.0,29.0,73.0,20.0,36.0,7.0,0.0,0.0,1.0,8.0,2.0,16.0,6.0,11.0,15.0,83.0,20.0,22.0,18.0,1.0,0.0,0.0
MAN UTD,LEICESTER CITY,2-0,0-0,5.4,7.0,5.6,69,31,7.0,7.0,22.0,8.0,9.0,19.0,87.0,22.0,17.0,8.0,1.0,0.0,0.0,5.0,4.0,11.0,2.0,3.0,14.0,69.0,24.0,41.0,7.0,2.0,0.0,0.0
CHELSEA,EVERTON,2-0,2-0,4.5,6.9,5.6,57,43,4.0,7.0,18.0,7.0,6.0,26.0,86.0,16.0,23.0,12.0,2.0,0.0,0.0,5.0,0.0,7.0,2.0,3.0,20.0,81.0,10.0,28.0,7.0,2.0,0.0,0.0
WEST BROM,STOKE,1-1,0-0,4.5,6.4,6.3,43,57,8.0,2.0,10.0,1.0,10.0,21.0,76.0,13.0,24.0,10.0,2.0,0.0,0.0,9.0,2.0,16.0,5.0,4.0,19.0,87.0,29.0,40.0,9.0,2.0,0.0,0.0
LIVERPOOL,ARSENAL,4-0,2-0,5.7,8.5,4.6,49,51,5.0,10.0,18.0,3.0,4.0,17.0,81.0,11.0,19.0,6.0,2.0,0.0,0.0,6.0,0.0,8.0,2.0,3.0,18.0,81.0,14.0,21.0,9.0,4.0,0.0,0.0
TOTTENHAM,BURNLEY,1-1,0-0,5.4,6.4,6.5,67,33,6.0,5.0,28.0,17.0,10.0,14.0,86.0,15.0,19.0,9.0,0.0,0.0,0.0,8.0,3.0,13.0,2.0,7.0,13.0,71.0,27.0,36.0,9.0,0.0,0.0,0.0
MAN CITY,LIVERPOOL,5-0,2-0,6.9,9.3,4.2,66,34,3.0,10.0,13.0,0.0,8.0,21.0,90.0,9.0,14.0,10.0,2.0,0.0,0.0,2.0,3.0,7.0,2.0,3.0,17.0,77.0,4.0,22.0,9.0,2.0,0.0,1.0
ARSENAL,BOURNEMOUTH,3-0,2-0,5.6,8.2,5.0,58,42,4.0,9.0,17.0,4.0,10.0,26.0,80.0,18.0,20.0,14.0,0.0,0.0,0.0,5.0,2.0,7.0,0.0,3.0,27.0,73.0,18.0,19.0,10.0,1.0,0.0,0.0
EVERTON,TOTTENHAM,0-3,0-2,5.0,4.9,7.8,51,49,5.0,1.0,12.0,6.0,7.0,19.0,81.0,12.0,22.0,14.0,3.0,0.0,0.0,6.0,6.0,15.0,3.0,3.0,22.0,80.0,15.0,31.0,14.0,1.0,0.0,0.0
LEICESTER CITY,CHELSEA,1-2,0-1,5.4,5.7,6.9,40,60,3.0,2.0,8.0,3.0,2.0,23.0,75.0,12.0,21.0,11.0,1.0,0.0,0.0,5.0,6.0,16.0,5.0,9.0,17.0,83.0,7.0,20.0,8.0,0.0,0.0,0.0
SOUTHAMPTON,WATFORD,0-2,0-1,3.3,5.3,7.8,53,47,3.0,1.0,9.0,5.0,7.0,32.0,72.0,19.0,22.0,8.0,0.0,0.0,0.0,5.0,3.0,12.0,4.0,4.0,26.0,72.0,23.0,34.0,11.0,0.0,0.0,0.0
BRIGHTON,WEST BROM,3-1,1-0,5.6,7.3,5.6,49,51,3.0,6.0,12.0,3.0,2.0,16.0,81.0,15.0,35.0,9.0,2.0,0.0,0.0,6.0,3.0,12.0,3.0,6.0,28.0,82.0,24.0,26.0,4.0,0.0,0.0,0.0
STOKE,MAN UTD,2-2,1-1,7.9,6.3,6.5,37,63,4.0,5.0,10.0,1.0,5.0,13.0,76.0,13.0,24.0,10.0,0.0,0.0,0.0,5.0,8.0,18.0,5.0,11.0,24.0,87.0,16.0,15.0,10.0,0.0,0.0,0.0
BURNLEY,CRYSTAL PALACE,1-0,1-0,3.1,6.1,6.2,35,65,2.0,2.0,4.0,0.0,3.0,24.0,63.0,23.0,52.0,7.0,1.0,0.0,0.0,6.0,4.0,23.0,13.0,13.0,33.0,76.0,17.0,20.0,14.0,1.0,0.0,0.0
SWANSEA,NEWCASTLE,0-1,0-0,3.8,5.6,7.1,62,38,5.0,4.0,10.0,1.0,7.0,21.0,81.0,21.0,28.0,11.0,2.0,0.0,0.0,3.0,8.0,16.0,5.0,5.0,14.0,73.0,16.0,34.0,15.0,3.0,0.0,0.0
WEST HAM,HUDDERSFIELD,2-0,0-0,4.6,7.1,5.7,43,57,10.0,3.0,19.0,6.0,10.0,27.0,69.0,34.0,23.0,11.0,1.0,0.0,0.0,1.0,2.0,10.0,7.0,3.0,20.0,77.0,26.0,44.0,14.0,2.0,0.0,0.0
BOURNEMOUTH,BRIGHTON,2-1,0-0,5.3,6.7,6.0,62,38,5.0,3.0,15.0,7.0,6.0,16.0,89.0,23.0,14.0,5.0,0.0,0.0,0.0,5.0,2.0,9.0,2.0,4.0,23.0,74.0,17.0,25.0,12.0,0.0,0.0,0.0
CRYSTAL PALACE,SOUTHAMPTON,0-1,0-1,3.5,5.5,6.7,46,54,9.0,3.0,14.0,2.0,5.0,17.0,76.0,20.0,22.0,14.0,5.0,0.0,0.0,4.0,4.0,13.0,5.0,5.0,17.0,80.0,20.0,36.0,13.0,1.0,0.0,0.0
LIVERPOOL,BURNLEY,1-1,1-1,5.9,6.9,5.7,71,29,14.0,9.0,35.0,12.0,12.0,29.0,86.0,8.0,9.0,7.0,1.0,0.0,0.0,1.0,4.0,5.0,0.0,2.0,10.0,66.0,15.0,37.0,9.0,2.0,0.0,0.0
NEWCASTLE,STOKE,2-1,1-0,5.2,6.5,6.2,42,58,6.0,3.0,14.0,5.0,7.0,22.0,71.0,23.0,37.0,13.0,3.0,0.0,0.0,7.0,4.0,13.0,2.0,5.0,43.0,75.0,22.0,25.0,11.0,1.0,0.0,0.0
WEST BROM,WEST HAM,0-0,0-0,2.0,6.3,6.2,37,63,3.0,1.0,6.0,2.0,2.0,17.0,73.0,6.0,24.0,15.0,2.0,0.0,0.0,5.0,1.0,9.0,3.0,3.0,22.0,85.0,15.0,16.0,7.0,2.0,0.0,0.0
HUDDERSFIELD,LEICESTER CITY,1-1,0-0,4.1,6.1,6.3,60,40,6.0,3.0,15.0,6.0,8.0,33.0,79.0,24.0,31.0,6.0,1.0,0.0,0.0,4.0,1.0,10.0,5.0,4.0,35.0,72.0,27.0,38.0,6.0,1.0,0.0,0.0
WATFORD,MAN CITY,0-6,0-3,7.5,3.4,9.9,33,67,5.0,1.0,7.0,1.0,3.0,17.0,76.0,12.0,22.0,8.0,2.0,0.0,0.0,10.0,10.0,28.0,8.0,11.0,15.0,90.0,14.0,24.0,6.0,0.0,0.0,0.0
TOTTENHAM,SWANSEA,0-0,0-0,3.3,6.6,5.7,75,25,14.0,8.0,26.0,4.0,11.0,27.0,89.0,17.0,11.0,11.0,1.0,0.0,0.0,4.0,0.0,4.0,0.0,1.0,7.0,64.0,13.0,44.0,9.0,3.0,0.0,0.0
CHELSEA,ARSENAL,0-0,0-0,2.8,6.1,6.6,51,49,3.0,4.0,13.0,6.0,5.0,26.0,78.0,17.0,21.0,11.0,2.0,0.0,1.0,5.0,2.0,11.0,4.0,1.0,15.0,79.0,20.0,24.0,15.0,3.0,0.0,0.0
MAN UTD,EVERTON,4-0,1-0,6.6,7.9,4.9,49,51,5.0,7.0,16.0,4.0,4.0,18.0,85.0,14.0,13.0,15.0,1.0,0.0,0.0,2.0,3.0,7.0,2.0,1.0,19.0,81.0,8.0,29.0,14.0,1.0,0.0,0.0
WEST HAM,TOTTENHAM,2-3,0-2,8.6,5.7,6.4,49,51,5.0,4.0,10.0,1.0,4.0,28.0,71.0,16.0,23.0,10.0,4.0,0.0,0.0,7.0,5.0,15.0,3.0,3.0,29.0,74.0,22.0,39.0,20.0,3.0,1.0,0.0
MAN CITY,CRYSTAL PALACE,5-0,1-0,6.7,8.8,4.4,72,28,7.0,9.0,25.0,9.0,8.0,21.0,91.0,10.0,6.0,6.0,3.0,0.0,0.0,2.0,0.0,5.0,3.0,2.0,21.0,73.0,10.0,30.0,7.0,1.0,0.0,0.0
SWANSEA,WATFORD,1-2,0-1,5.5,5.9,6.8,51,49,3.0,3.0,10.0,4.0,5.0,24.0,75.0,23.0,17.0,9.0,1.0,0.0,0.0,2.0,4.0,8.0,2.0,4.0,22.0,79.0,29.0,43.0,16.0,3.0,0.0,0.0
STOKE,CHELSEA,0-4,0-2,4.9,5.1,8.5,44,56,7.0,2.0,13.0,4.0,5.0,27.0,78.0,7.0,8.0,5.0,2.0,0.0,0.0,3.0,4.0,7.0,0.0,0.0,17.0,85.0,11.0,29.0,14.0,2.0,0.0,0.0
EVERTON,BOURNEMOUTH,2-1,0-0,5.7,6.6,6.0,51,49,5.0,3.0,12.0,4.0,4.0,25.0,78.0,15.0,24.0,12.0,3.0,0.0,0.0,2.0,4.0,8.0,2.0,6.0,20.0,77.0,14.0,22.0,11.0,1.0,0.0,0.0
BURNLEY,HUDDERSFIELD,0-0,0-0,1.9,6.1,6.7,52,48,1.0,2.0,4.0,1.0,3.0,31.0,73.0,26.0,22.0,9.0,3.0,0.0,0.0,5.0,2.0,9.0,2.0,4.0,31.0,76.0,22.0,35.0,14.0,2.0,0.0,0.0
SOUTHAMPTON,MAN UTD,0-1,0-1,3.5,6.1,6.6,61,39,6.0,4.0,14.0,4.0,8.0,21.0,83.0,6.0,10.0,12.0,1.0,0.0,0.0,3.0,4.0,9.0,2.0,4.0,18.0,78.0,18.0,40.0,9.0,4.0,0.0,0.0
LEICESTER CITY,LIVERPOOL,2-3,1-2,8.7,5.4,6.3,43,57,2.0,7.0,12.0,3.0,3.0,41.0,66.0,24.0,26.0,13.0,3.0,0.0,0.0,9.0,6.0,23.0,8.0,6.0,25.0,72.0,30.0,34.0,14.0,3.0,0.0,0.0
BRIGHTON,NEWCASTLE,1-0,0-0,3.7,6.5,6.2,49,51,2.0,3.0,7.0,2.0,2.0,25.0,77.0,33.0,40.0,6.0,2.0,0.0,0.0,7.0,5.0,17.0,5.0,8.0,28.0,80.0,21.0,29.0,8.0,1.0,0.0,0.0
ARSENAL,WEST BROM,2-0,1-0,4.7,7.0,5.5,69,31,6.0,6.0,16.0,4.0,7.0,19.0,87.0,24.0,24.0,8.0,1.0,0.0,0.0,3.0,3.0,7.0,1.0,4.0,16.0,69.0,21.0,23.0,17.0,4.0,0.0,0.0
HUDDERSFIELD,TOTTENHAM,0-4,0-3,5.9,4.9,8.4,40,60,2.0,1.0,6.0,3.0,4.0,31.0,73.0,11.0,25.0,7.0,1.0,0.0,0.0,5.0,7.0,14.0,2.0,7.0,30.0,81.0,14.0,31.0,4.0,1.0,0.0,0.0
WEST BROM,WATFORD,2-2,2-1,7.4,6.6,6.3,35,65,3.0,4.0,9.0,2.0,7.0,11.0,69.0,31.0,45.0,12.0,3.0,0.0,0.0,6.0,3.0,15.0,6.0,6.0,22.0,84.0,27.0,22.0,11.0,0.0,0.0,0.0
MAN UTD,CRYSTAL PALACE,4-0,2-0,5.4,8.3,4.8,59,41,6.0,7.0,18.0,5.0,6.0,21.0,84.0,17.0,18.0,6.0,0.0,0.0,0.0,4.0,1.0,6.0,1.0,5.0,17.0,78.0,8.0,18.0,9.0,0.0,0.0,0.0
WEST HAM,SWANSEA,1-0,0-0,3.3,6.9,5.7,43,57,3.0,4.0,9.0,2.0,2.0,29.0,77.0,24.0,25.0,15.0,3.0,0.0,0.0,3.0,1.0,6.0,2.0,1.0,29.0,82.0,19.0,18.0,13.0,2.0,0.0,0.0
BOURNEMOUTH,LEICESTER CITY,0-0,0-0,2.7,6.5,5.9,61,39,10.0,4.0,19.0,5.0,7.0,23.0,81.0,24.0,31.0,6.0,1.0,0.0,0.0,4.0,1.0,8.0,3.0,5.0,18.0,64.0,27.0,38.0,10.0,0.0,0.0,0.0
STOKE,SOUTHAMPTON,2-1,1-0,6.6,6.8,5.6,29,71,1.0,6.0,17.0,10.0,5.0,21.0,65.0,29.0,42.0,11.0,1.0,0.0,0.0,12.0,3.0,21.0,6.0,6.0,20.0,86.0,21.0,19.0,10.0,2.0,0.0,0.0
CHELSEA,MAN CITY,0-1,0-0,3.6,5.8,7.5,38,62,2.0,2.0,4.0,0.0,4.0,25.0,79.0,7.0,20.0,8.0,0.0,0.0,0.0,6.0,6.0,17.0,5.0,8.0,19.0,89.0,18.0,20.0,13.0,2.0,0.0,0.0
ARSENAL,BRIGHTON,2-0,1-0,5.5,8.3,5.0,65,35,8.0,11.0,25.0,6.0,6.0,17.0,88.0,30.0,23.0,7.0,0.0,0.0,0.0,5.0,1.0,9.0,3.0,5.0,26.0,75.0,13.0,22.0,8.0,2.0,0.0,0.0
EVERTON,BURNLEY,0-1,0-1,3.4,5.7,6.2,63,37,13.0,4.0,25.0,8.0,9.0,15.0,79.0,32.0,43.0,14.0,2.0,0.0,0.0,1.0,2.0,5.0,2.0,3.0,18.0,61.0,35.0,60.0,7.0,2.0,0.0,0.0
NEWCASTLE,LIVERPOOL,1-1,1-1,4.8,6.6,6.3,32,68,1.0,5.0,8.0,2.0,1.0,21.0,66.0,17.0,35.0,11.0,1.0,0.0,0.0,9.0,2.0,17.0,6.0,5.0,24.0,84.0,20.0,14.0,6.0,1.0,0.0,0.0
LIVERPOOL,MAN UTD,0-0,0-0,2.6,7.0,6.1,62,38,8.0,5.0,19.0,6.0,7.0,32.0,86.0,11.0,24.0,7.0,0.0,0.0,0.0,2.0,1.0,6.0,3.0,3.0,23.0,75.0,11.0,28.0,13.0,2.0,0.0,0.0
MAN CITY,STOKE,7-2,3-1,6.9,8.8,3.5,79,21,9.0,11.0,20.0,0.0,5.0,18.0,91.0,18.0,6.0,5.0,0.0,0.0,0.0,3.0,1.0,5.0,1.0,0.0,13.0,66.0,7.0,16.0,8.0,1.0,0.0,0.0
SWANSEA,HUDDERSFIELD,2-0,1-0,4.0,7.5,5.4,40,60,2.0,3.0,7.0,2.0,5.0,23.0,78.0,20.0,15.0,12.0,1.0,0.0,0.0,1.0,2.0,7.0,4.0,3.0,18.0,85.0,13.0,16.0,16.0,5.0,0.0,0.0
TOTTENHAM,BOURNEMOUTH,1-0,0-0,3.6,7.1,5.2,73,27,4.0,6.0,18.0,8.0,9.0,32.0,89.0,19.0,18.0,9.0,1.0,0.0,0.0,3.0,1.0,5.0,1.0,5.0,19.0,67.0,16.0,31.0,7.0,3.0,0.0,0.0
BURNLEY,WEST HAM,1-1,0-1,5.5,5.8,6.0,62,38,8.0,5.0,20.0,7.0,7.0,21.0,78.0,30.0,15.0,11.0,2.0,0.0,0.0,1.0,6.0,8.0,1.0,4.0,18.0,66.0,25.0,30.0,14.0,3.0,1.0,0.0
CRYSTAL PALACE,CHELSEA,2-1,2-1,6.4,6.9,6.1,43,57,6.0,5.0,14.0,3.0,5.0,23.0,72.0,5.0,24.0,7.0,2.0,0.0,0.0,6.0,5.0,15.0,4.0,8.0,19.0,82.0,24.0,37.0,6.0,1.0,0.0,0.0
WATFORD,ARSENAL,2-1,0-1,6.0,6.7,5.8,46,54,6.0,2.0,11.0,3.0,2.0,19.0,78.0,22.0,24.0,8.0,1.0,0.0,0.0,3.0,6.0,9.0,0.0,5.0,15.0,80.0,30.0,36.0,10.0,0.0,0.0,0.0
BRIGHTON,EVERTON,1-1,0-0,5.1,5.8,6.8,47,53,3.0,3.0,12.0,6.0,7.0,18.0,74.0,25.0,26.0,12.0,4.0,0.0,0.0,5.0,6.0,13.0,2.0,1.0,22.0,78.0,24.0,31.0,10.0,1.0,0.0,0.0
SOUTHAMPTON,NEWCASTLE,2-2,0-1,7.1,6.1,6.3,62,38,6.0,2.0,12.0,4.0,3.0,24.0,85.0,28.0,32.0,11.0,1.0,0.0,0.0,8.0,5.0,19.0,6.0,8.0,19.0,75.0,18.0,39.0,12.0,2.0,0.0,0.0
LEICESTER CITY,WEST BROM,1-1,0-0,3.9,6.3,6.8,57,43,4.0,3.0,11.0,4.0,4.0,35.0,76.0,19.0,18.0,13.0,2.0,0.0,0.0,3.0,1.0,5.0,1.0,1.0,31.0,72.0,20.0,28.0,6.0,2.0,0.0,0.0
WEST HAM,BRIGHTON,0-3,0-2,4.9,4.9,7.9,65,35,5.0,2.0,16.0,9.0,10.0,25.0,84.0,15.0,3.0,5.0,1.0,0.0,0.0,1.0,5.0,7.0,1.0,3.0,17.0,74.0,22.0,45.0,13.0,0.0,0.0,0.0
CHELSEA,WATFORD,4-2,1-1,9.1,7.5,5.2,52,48,5.0,8.0,14.0,1.0,6.0,11.0,82.0,24.0,28.0,13.0,2.0,0.0,0.0,6.0,5.0,16.0,5.0,6.0,22.0,80.0,16.0,13.0,16.0,3.0,0.0,0.0
MAN CITY,BURNLEY,3-0,1-0,5.0,8.0,4.6,77,23,4.0,10.0,15.0,1.0,4.0,26.0,90.0,13.0,17.0,10.0,2.0,0.0,0.0,3.0,0.0,6.0,3.0,5.0,16.0,66.0,6.0,20.0,6.0,3.0,0.0,0.0
SWANSEA,LEICESTER CITY,1-2,0-1,5.8,5.6,7.0,56,44,8.0,4.0,19.0,7.0,7.0,31.0,82.0,18.0,21.0,6.0,0.0,0.0,0.0,3.0,6.0,11.0,2.0,6.0,22.0,72.0,20.0,29.0,9.0,1.0,0.0,0.0
NEWCASTLE,CRYSTAL PALACE,1-0,0-0,3.1,6.1,5.9,55,45,1.0,3.0,7.0,3.0,3.0,22.0,80.0,23.0,30.0,12.0,4.0,0.0,0.0,7.0,0.0,10.0,3.0,5.0,31.0,72.0,27.0,28.0,14.0,2.0,0.0,0.0
STOKE,BOURNEMOUTH,1-2,0-2,4.8,5.4,6.6,52,48,6.0,3.0,11.0,2.0,8.0,30.0,71.0,23.0,9.0,17.0,0.0,0.0,0.0,3.0,3.0,7.0,1.0,3.0,23.0,72.0,20.0,42.0,10.0,1.0,0.0,0.0
HUDDERSFIELD,MAN UTD,2-1,2-0,5.0,6.8,5.8,22,78,0.0,3.0,5.0,2.0,4.0,13.0,55.0,15.0,49.0,10.0,4.0,0.0,0.0,3.0,3.0,9.0,3.0,7.0,28.0,87.0,15.0,17.0,12.0,2.0,0.0,0.0
SOUTHAMPTON,WEST BROM,1-0,0-0,4.2,7.1,5.5,66,34,11.0,6.0,20.0,3.0,8.0,16.0,84.0,20.0,30.0,10.0,0.0,0.0,0.0,4.0,2.0,7.0,1.0,3.0,16.0,67.0,21.0,31.0,8.0,1.0,0.0,0.0
EVERTON,ARSENAL,2-5,1-1,10.0,4.1,8.2,32,68,4.0,3.0,9.0,2.0,0.0,16.0,69.0,18.0,30.0,14.0,2.0,1.0,0.0,8.0,14.0,30.0,8.0,7.0,30.0,84.0,13.0,23.0,14.0,1.0,0.0,0.0
TOTTENHAM,LIVERPOOL,4-1,3-1,6.9,7.4,5.8,36,64,5.0,6.0,14.0,3.0,3.0,24.0,76.0,10.0,29.0,2.0,0.0,0.0,0.0,1.0,7.0,12.0,4.0,5.0,32.0,87.0,8.0,12.0,8.0,1.0,0.0,0.0
MAN UTD,TOTTENHAM,1-0,0-0,3.8,6.6,6.1,45,55,5.0,3.0,11.0,3.0,6.0,28.0,70.0,16.0,30.0,12.0,1.0,0.0,0.0,5.0,4.0,13.0,4.0,3.0,29.0,77.0,13.0,33.0,14.0,0.0,0.0,0.0
WATFORD,STOKE,0-1,0-1,2.9,5.5,6.8,70,30,7.0,0.0,15.0,8.0,8.0,29.0,81.0,22.0,14.0,10.0,4.0,0.0,0.0,3.0,2.0,6.0,1.0,1.0,26.0,60.0,32.0,57.0,9.0,4.0,0.0,0.0
LIVERPOOL,HUDDERSFIELD,3-0,0-0,5.5,7.5,4.8,73,27,6.0,8.0,16.0,2.0,9.0,24.0,86.0,14.0,14.0,10.0,0.0,0.0,0.0,1.0,0.0,1.0,0.0,2.0,27.0,62.0,10.0,27.0,8.0,1.0,0.0,0.0
ARSENAL,SWANSEA,2-1,0-1,5.0,6.8,6.0,73,27,8.0,5.0,17.0,4.0,5.0,23.0,87.0,17.0,13.0,9.0,0.0,0.0,0.0,2.0,2.0,4.0,0.0,2.0,17.0,73.0,8.0,38.0,9.0,0.0,0.0,0.0
WEST BROM,MAN CITY,2-3,1-2,7.5,5.8,6.9,22,78,1.0,4.0,7.0,2.0,1.0,17.0,59.0,12.0,16.0,10.0,2.0,0.0,0.0,8.0,5.0,15.0,2.0,2.0,15.0,91.0,17.0,21.0,7.0,3.0,0.0,0.0
CRYSTAL PALACE,WEST HAM,2-2,0-2,8.1,7.1,5.7,56,44,8.0,9.0,20.0,3.0,11.0,19.0,77.0,19.0,17.0,18.0,1.0,0.0,0.0,3.0,2.0,6.0,1.0,2.0,25.0,72.0,19.0,36.0,15.0,2.0,0.0,0.0
BOURNEMOUTH,CHELSEA,0-1,0-0,3.6,5.7,7.2,42,58,3.0,1.0,7.0,3.0,5.0,25.0,82.0,12.0,19.0,5.0,2.0,0.0,0.0,7.0,5.0,18.0,6.0,5.0,17.0,87.0,15.0,13.0,5.0,0.0,0.0,0.0
BRIGHTON,SOUTHAMPTON,1-1,0-1,3.9,6.3,6.4,52,48,4.0,2.0,7.0,1.0,2.0,23.0,81.0,16.0,20.0,9.0,3.0,0.0,0.0,2.0,1.0,6.0,3.0,7.0,23.0,80.0,9.0,17.0,10.0,1.0,0.0,0.0
LEICESTER CITY,EVERTON,2-0,2-0,3.9,6.7,5.7,40,60,5.0,3.0,9.0,1.0,3.0,20.0,66.0,20.0,31.0,6.0,0.0,0.0,0.0,7.0,2.0,15.0,6.0,10.0,30.0,80.0,22.0,25.0,10.0,2.0,0.0,0.0
BURNLEY,NEWCASTLE,1-0,0-0,3.6,6.4,6.0,47,53,3.0,5.0,12.0,4.0,5.0,22.0,76.0,24.0,29.0,9.0,3.0,0.0,0.0,3.0,5.0,12.0,4.0,3.0,22.0,79.0,29.0,27.0,10.0,0.0,0.0,0.0
STOKE,LEICESTER CITY,2-2,1-1,7.3,6.9,6.0,47,53,3.0,7.0,11.0,1.0,4.0,28.0,75.0,27.0,18.0,12.0,0.0,0.0,0.0,5.0,4.0,14.0,5.0,10.0,24.0,79.0,26.0,24.0,8.0,0.0,0.0,0.0
SWANSEA,BRIGHTON,0-1,0-1,3.2,5.8,6.7,56,44,3.0,2.0,12.0,7.0,8.0,22.0,81.0,27.0,19.0,13.0,2.0,0.0,0.0,2.0,2.0,5.0,1.0,7.0,16.0,72.0,23.0,36.0,12.0,1.0,0.0,0.0
NEWCASTLE,BOURNEMOUTH,0-1,0-0,4.8,5.6,6.4,48,52,9.0,4.0,16.0,3.0,11.0,14.0,74.0,31.0,28.0,11.0,2.0,0.0,0.0,6.0,6.0,16.0,4.0,9.0,26.0,76.0,36.0,24.0,12.0,2.0,0.0,0.0
HUDDERSFIELD,WEST BROM,1-0,1-0,3.2,6.5,5.7,50,50,3.0,3.0,7.0,1.0,3.0,22.0,81.0,19.0,33.0,8.0,2.0,1.0,0.0,2.0,3.0,9.0,4.0,5.0,30.0,79.0,17.0,18.0,15.0,4.0,0.0,0.0
SOUTHAMPTON,BURNLEY,0-1,0-0,2.9,6.1,6.6,63,37,6.0,3.0,13.0,4.0,9.0,27.0,81.0,16.0,18.0,4.0,0.0,0.0,0.0,2.0,1.0,5.0,2.0,1.0,32.0,69.0,23.0,35.0,4.0,0.0,0.0,0.0
WEST HAM,LIVERPOOL,1-4,0-2,5.6,4.5,7.9,48,52,5.0,1.0,6.0,0.0,2.0,22.0,76.0,16.0,14.0,9.0,3.0,0.0,0.0,7.0,7.0,15.0,1.0,3.0,25.0,78.0,14.0,20.0,13.0,0.0,0.0,0.0
TOTTENHAM,CRYSTAL PALACE,1-0,0-0,3.2,6.7,6.3,68,32,6.0,2.0,12.0,4.0,10.0,27.0,84.0,16.0,30.0,6.0,0.0,0.0,0.0,5.0,3.0,11.0,3.0,9.0,22.0,69.0,14.0,41.0,7.0,2.0,0.0,0.0
MAN CITY,ARSENAL,3-1,1-0,5.9,7.4,4.9,58,42,2.0,5.0,9.0,2.0,5.0,16.0,87.0,5.0,22.0,15.0,1.0,0.0,0.0,3.0,3.0,6.0,0.0,5.0,27.0,82.0,5.0,13.0,15.0,6.0,0.0,0.0
CHELSEA,MAN UTD,1-0,0-0,4.0,7.2,5.3,54,46,6.0,8.0,18.0,4.0,4.0,27.0,79.0,17.0,16.0,16.0,1.0,0.0,0.0,3.0,2.0,10.0,5.0,7.0,29.0,76.0,19.0,22.0,20.0,3.0,0.0,0.0
EVERTON,WATFORD,3-2,0-0,7.5,6.5,4.8,38,62,2.0,5.0,9.0,2.0,2.0,21.0,67.0,25.0,37.0,14.0,0.0,0.0,0.0,6.0,3.0,11.0,2.0,5.0,36.0,75.0,34.0,23.0,12.0,2.0,0.0,0.0
ARSENAL,TOTTENHAM,2-0,2-0,4.6,6.9,5.6,42,58,4.0,5.0,14.0,5.0,7.0,21.0,70.0,16.0,37.0,11.0,4.0,0.0,0.0,8.0,4.0,14.0,2.0,4.0,28.0,79.0,20.0,22.0,16.0,1.0,0.0,0.0
WEST BROM,CHELSEA,0-4,0-3,5.1,4.8,8.2,39,61,5.0,2.0,7.0,0.0,3.0,18.0,81.0,19.0,16.0,13.0,2.0,0.0,0.0,2.0,7.0,11.0,2.0,4.0,15.0,87.0,13.0,20.0,12.0,3.0,0.0,0.0
LEICESTER CITY,MAN CITY,0-2,0-1,4.1,5.2,7.7,25,75,1.0,1.0,2.0,1.0,1.0,26.0,66.0,12.0,24.0,8.0,1.0,0.0,0.0,6.0,4.0,12.0,2.0,7.0,19.0,90.0,13.0,17.0,10.0,1.0,0.0,0.0
BURNLEY,SWANSEA,2-0,2-0,4.4,7.2,5.3,39,61,4.0,7.0,17.0,6.0,8.0,16.0,69.0,24.0,18.0,12.0,1.0,0.0,0.0,9.0,1.0,14.0,4.0,6.0,25.0,80.0,22.0,29.0,12.0,1.0,0.0,0.0
LIVERPOOL,SOUTHAMPTON,3-0,2-0,5.0,7.6,5.2,61,39,6.0,8.0,21.0,7.0,10.0,25.0,84.0,11.0,20.0,15.0,1.0,0.0,0.0,3.0,0.0,5.0,2.0,2.0,20.0,72.0,18.0,36.0,9.0,1.0,0.0,0.0
CRYSTAL PALACE,EVERTON,2-2,2-2,7.1,6.1,6.3,69,31,5.0,7.0,16.0,4.0,9.0,38.0,81.0,16.0,16.0,9.0,2.0,0.0,0.0,2.0,5.0,8.0,1.0,4.0,18.0,64.0,17.0,46.0,26.0,3.0,0.0,0.0
BOURNEMOUTH,HUDDERSFIELD,4-0,2-0,5.7,7.0,4.7,31,69,4.0,5.0,9.0,1.0,8.0,15.0,60.0,22.0,48.0,13.0,4.0,1.0,0.0,10.0,3.0,19.0,6.0,11.0,25.0,82.0,12.0,10.0,10.0,2.0,0.0,0.0
MAN UTD,NEWCASTLE,4-1,2-1,6.4,7.7,5.1,65,35,6.0,7.0,16.0,3.0,11.0,26.0,87.0,14.0,20.0,10.0,1.0,0.0,0.0,6.0,5.0,12.0,1.0,4.0,12.0,76.0,13.0,34.0,9.0,1.0,0.0,0.0
WATFORD,WEST HAM,2-0,1-0,4.7,6.8,5.7,58,42,8.0,7.0,17.0,2.0,3.0,12.0,84.0,22.0,24.0,13.0,1.0,0.0,0.0,4.0,6.0,10.0,0.0,1.0,24.0,77.0,23.0,26.0,10.0,4.0,0.0,0.0
BRIGHTON,STOKE,2-2,1-2,7.2,6.2,7.0,54,46,6.0,3.0,9.0,0.0,6.0,17.0,79.0,9.0,17.0,13.0,1.0,0.0,0.0,2.0,6.0,13.0,5.0,7.0,24.0,80.0,22.0,27.0,5.0,0.0,0.0,0.0
WEST HAM,LEICESTER CITY,1-1,1-1,3.8,6.5,6.6,49,51,3.0,4.0,8.0,1.0,5.0,27.0,79.0,28.0,14.0,9.0,1.0,0.0,0.0,5.0,2.0,7.0,0.0,5.0,21.0,77.0,23.0,35.0,12.0,1.0,0.0,0.0
MAN UTD,BRIGHTON,1-0,0-0,3.2,6.8,5.7,58,42,7.0,4.0,15.0,4.0,5.0,22.0,85.0,14.0,14.0,9.0,0.0,0.0,0.0,3.0,2.0,8.0,3.0,0.0,17.0,77.0,14.0,30.0,9.0,2.0,0.0,0.0
CRYSTAL PALACE,STOKE,2-1,0-0,5.7,7.1,6.2,54,46,2.0,5.0,10.0,3.0,5.0,38.0,77.0,14.0,19.0,9.0,1.0,0.0,0.0,6.0,3.0,10.0,1.0,2.0,38.0,77.0,15.0,29.0,5.0,1.0,0.0,0.0
SWANSEA,BOURNEMOUTH,0-0,0-0,2.8,5.8,6.9,48,52,6.0,1.0,10.0,3.0,4.0,23.0,78.0,18.0,25.0,18.0,4.0,0.0,0.0,2.0,5.0,9.0,2.0,5.0,21.0,83.0,17.0,31.0,6.0,2.0,0.0,0.0
NEWCASTLE,WATFORD,0-3,0-2,4.7,5.0,8.0,52,48,5.0,2.0,12.0,5.0,6.0,26.0,79.0,28.0,22.0,8.0,1.0,0.0,0.0,7.0,4.0,12.0,1.0,3.0,19.0,71.0,23.0,34.0,13.0,2.0,0.0,0.0
TOTTENHAM,WEST BROM,1-1,0-1,4.7,6.5,6.7,72,28,10.0,5.0,25.0,10.0,8.0,28.0,87.0,21.0,9.0,10.0,1.0,0.0,0.0,3.0,2.0,5.0,0.0,0.0,19.0,71.0,27.0,41.0,13.0,4.0,0.0,0.0
LIVERPOOL,CHELSEA,1-1,0-0,4.7,6.6,7.0,53,47,3.0,4.0,16.0,9.0,7.0,22.0,86.0,7.0,30.0,10.0,0.0,0.0,0.0,5.0,3.0,11.0,3.0,8.0,19.0,83.0,12.0,22.0,7.0,0.0,0.0,0.0
SOUTHAMPTON,EVERTON,4-1,1-1,5.9,7.6,5.1,67,33,7.0,5.0,17.0,5.0,7.0,29.0,85.0,26.0,20.0,6.0,0.0,0.0,0.0,3.0,2.0,5.0,0.0,2.0,19.0,71.0,24.0,30.0,13.0,0.0,0.0,0.0
BURNLEY,ARSENAL,0-1,0-0,3.9,5.8,6.7,36,64,3.0,2.0,8.0,3.0,5.0,9.0,77.0,19.0,33.0,8.0,2.0,0.0,0.0,9.0,2.0,18.0,7.0,5.0,20.0,83.0,24.0,25.0,14.0,0.0,0.0,0.0
HUDDERSFIELD,MAN CITY,1-2,1-0,5.6,5.0,6.8,20,80,3.0,0.0,4.0,1.0,3.0,19.0,51.0,19.0,25.0,10.0,2.0,0.0,1.0,7.0,5.0,14.0,2.0,7.0,16.0,88.0,11.0,17.0,10.0,3.0,0.0,0.0
LEICESTER CITY,TOTTENHAM,2-1,2-0,5.9,7.0,6.1,37,63,3.0,4.0,7.0,0.0,4.0,22.0,71.0,16.0,45.0,7.0,1.0,0.0,0.0,9.0,6.0,18.0,3.0,9.0,25.0,83.0,18.0,16.0,10.0,2.0,0.0,0.0
BRIGHTON,CRYSTAL PALACE,0-0,0-0,2.5,6.2,6.3,53,47,4.0,4.0,10.0,2.0,10.0,28.0,74.0,25.0,18.0,13.0,2.0,0.0,0.0,5.0,4.0,10.0,1.0,5.0,12.0,73.0,28.0,24.0,8.0,0.0,0.0,0.0
WEST BROM,NEWCASTLE,2-2,1-0,7.1,6.5,6.1,48,52,2.0,4.0,8.0,2.0,1.0,20.0,76.0,27.0,29.0,13.0,0.0,0.0,0.0,5.0,4.0,14.0,5.0,6.0,25.0,79.0,27.0,29.0,12.0,0.0,0.0,0.0
WATFORD,MAN UTD,2-4,0-3,8.4,5.4,7.1,59,41,5.0,3.0,12.0,4.0,5.0,25.0,83.0,16.0,24.0,12.0,2.0,0.0,0.0,3.0,7.0,15.0,5.0,5.0,25.0,74.0,16.0,38.0,10.0,1.0,0.0,0.0
BOURNEMOUTH,BURNLEY,1-2,0-1,5.4,5.6,7.0,62,38,4.0,2.0,11.0,5.0,4.0,28.0,80.0,27.0,18.0,9.0,0.0,0.0,0.0,2.0,4.0,10.0,4.0,6.0,21.0,72.0,18.0,30.0,11.0,1.0,0.0,0.0
ARSENAL,HUDDERSFIELD,5-0,1-0,6.6,9.1,4.7,70,30,8.0,7.0,21.0,6.0,7.0,17.0,88.0,13.0,13.0,10.0,0.0,0.0,0.0,3.0,2.0,7.0,2.0,2.0,22.0,77.0,16.0,30.0,12.0,1.0,0.0,0.0
CHELSEA,SWANSEA,1-0,0-0,3.8,7.6,5.5,61,39,7.0,10.0,21.0,4.0,15.0,25.0,85.0,21.0,15.0,10.0,1.0,0.0,0.0,1.0,0.0,2.0,1.0,1.0,22.0,78.0,9.0,42.0,7.0,0.0,0.0,0.0
MAN CITY,SOUTHAMPTON,2-1,0-0,6.9,7.6,5.2,74,26,8.0,12.0,26.0,6.0,6.0,29.0,86.0,19.0,12.0,12.0,1.0,0.0,0.0,3.0,2.0,7.0,2.0,5.0,13.0,58.0,13.0,32.0,11.0,1.0,0.0,0.0
STOKE,LIVERPOOL,0-3,0-1,5.4,5.1,7.8,40,60,4.0,1.0,10.0,5.0,5.0,24.0,70.0,34.0,21.0,8.0,1.0,0.0,0.0,3.0,7.0,14.0,4.0,9.0,23.0,81.0,25.0,31.0,10.0,5.0,0.0,0.0
EVERTON,WEST HAM,4-0,2-0,5.6,7.3,4.3,44,56,2.0,5.0,8.0,1.0,2.0,21.0,79.0,26.0,49.0,16.0,2.0,0.0,0.0,3.0,3.0,7.0,1.0,6.0,30.0,79.0,22.0,13.0,6.0,1.0,0.0,0.0
CHELSEA,NEWCASTLE,3-1,2-1,6.7,7.9,5.0,66,34,8.0,9.0,23.0,6.0,11.0,18.0,87.0,20.0,13.0,8.0,0.0,0.0,0.0,4.0,2.0,8.0,2.0,4.0,16.0,77.0,10.0,37.0,13.0,1.0,0.0,0.0
STOKE,SWANSEA,2-1,2-1,4.9,6.7,5.9,44,56,6.0,3.0,10.0,1.0,2.0,29.0,78.0,25.0,35.0,12.0,2.0,0.0,0.0,2.0,3.0,10.0,5.0,6.0,23.0,81.0,19.0,21.0,10.0,0.0,0.0,0.0
EVERTON,HUDDERSFIELD,2-0,0-0,3.5,6.8,5.8,47,53,1.0,4.0,6.0,1.0,2.0,33.0,69.0,40.0,42.0,12.0,2.0,0.0,0.0,2.0,3.0,5.0,0.0,5.0,31.0,71.0,29.0,34.0,9.0,1.0,0.0,0.0
WEST BROM,CRYSTAL PALACE,0-0,0-0,2.9,6.7,5.9,51,49,8.0,6.0,20.0,6.0,3.0,29.0,73.0,27.0,21.0,11.0,3.0,0.0,0.0,3.0,2.0,10.0,5.0,7.0,24.0,71.0,31.0,30.0,10.0,1.0,0.0,0.0
LEICESTER CITY,BURNLEY,1-0,1-0,3.9,6.3,6.0,52,48,6.0,3.0,16.0,7.0,10.0,30.0,73.0,25.0,24.0,3.0,0.0,0.0,0.0,7.0,4.0,14.0,3.0,7.0,20.0,74.0,21.0,27.0,11.0,2.0,0.0,0.0
BRIGHTON,LIVERPOOL,1-5,0-2,6.2,4.7,8.5,43,57,3.0,2.0,6.0,1.0,2.0,12.0,81.0,16.0,15.0,8.0,1.0,0.0,0.0,4.0,6.0,12.0,2.0,2.0,21.0,88.0,13.0,19.0,7.0,0.0,0.0,0.0
WATFORD,TOTTENHAM,1-1,1-1,4.5,6.3,6.4,50,50,2.0,2.0,6.0,2.0,7.0,24.0,79.0,19.0,24.0,16.0,4.0,0.0,0.0,4.0,2.0,8.0,2.0,2.0,23.0,81.0,15.0,30.0,8.0,1.0,0.0,1.0
ARSENAL,MAN UTD,1-3,0-2,8.6,6.4,6.6,75,25,6.0,16.0,33.0,11.0,12.0,24.0,86.0,12.0,10.0,11.0,3.0,0.0,0.0,1.0,4.0,8.0,3.0,1.0,12.0,66.0,25.0,67.0,10.0,2.0,0.0,1.0
BOURNEMOUTH,SOUTHAMPTON,1-1,1-0,4.8,6.2,6.9,48,52,7.0,5.0,16.0,4.0,5.0,31.0,80.0,13.0,29.0,6.0,2.0,0.0,0.0,9.0,4.0,15.0,2.0,4.0,10.0,81.0,23.0,17.0,12.0,1.0,0.0,0.0
MAN CITY,WEST HAM,2-1,0-1,6.6,7.4,5.8,77,23,5.0,8.0,24.0,11.0,10.0,20.0,88.0,17.0,9.0,5.0,2.0,0.0,0.0,3.0,4.0,7.0,0.0,4.0,19.0,72.0,15.0,37.0,7.0,2.0,0.0,0.0
WEST HAM,CHELSEA,1-0,1-0,3.1,7.0,6.2,31,69,1.0,2.0,5.0,2.0,4.0,21.0,73.0,14.0,32.0,10.0,6.0,0.0,0.0,8.0,2.0,19.0,9.0,3.0,23.0,86.0,18.0,17.0,10.0,1.0,0.0,0.0
BURNLEY,WATFORD,1-0,1-0,3.1,6.5,5.5,49,51,2.0,5.0,8.0,1.0,3.0,18.0,67.0,41.0,38.0,10.0,1.0,0.0,0.0,8.0,2.0,11.0,1.0,5.0,20.0,70.0,34.0,34.0,12.0,0.0,0.0,1.0
HUDDERSFIELD,BRIGHTON,2-0,2-0,3.9,7.2,5.5,58,42,8.0,6.0,19.0,5.0,8.0,28.0,74.0,35.0,16.0,6.0,0.0,0.0,0.0,2.0,2.0,7.0,3.0,1.0,29.0,68.0,22.0,24.0,10.0,0.0,0.0,0.0
CRYSTAL PALACE,BOURNEMOUTH,2-2,2-2,8.1,6.0,5.6,45,55,8.0,8.0,24.0,8.0,6.0,20.0,74.0,23.0,18.0,14.0,5.0,0.0,0.0,3.0,5.0,11.0,3.0,3.0,21.0,80.0,12.0,34.0,14.0,2.0,0.0,0.0
SWANSEA,WEST BROM,1-0,0-0,3.9,6.8,5.3,54,46,8.0,3.0,18.0,7.0,6.0,25.0,79.0,21.0,24.0,8.0,2.0,0.0,0.0,3.0,1.0,7.0,3.0,3.0,30.0,75.0,28.0,29.0,18.0,5.0,0.0,0.0
TOTTENHAM,STOKE,5-1,1-0,6.3,8.8,4.1,71,29,6.0,11.0,20.0,3.0,12.0,17.0,88.0,19.0,16.0,12.0,1.0,0.0,0.0,1.0,3.0,4.0,0.0,6.0,12.0,64.0,21.0,29.0,9.0,0.0,0.0,0.0
NEWCASTLE,LEICESTER CITY,2-3,1-1,7.9,5.5,7.0,38,62,4.0,4.0,10.0,2.0,6.0,21.0,68.0,33.0,22.0,10.0,2.0,0.0,0.0,7.0,5.0,13.0,1.0,5.0,21.0,79.0,24.0,16.0,8.0,1.0,0.0,0.0
SOUTHAMPTON,ARSENAL,1-1,1-0,5.5,6.4,6.7,33,67,2.0,3.0,6.0,1.0,4.0,13.0,79.0,9.0,36.0,12.0,2.0,0.0,0.0,4.0,6.0,11.0,1.0,5.0,19.0,88.0,12.0,13.0,10.0,2.0,0.0,0.0
LIVERPOOL,EVERTON,1-1,1-0,4.3,6.4,6.2,79,21,12.0,3.0,23.0,8.0,12.0,30.0,88.0,14.0,8.0,8.0,1.0,0.0,0.0,1.0,2.0,3.0,0.0,1.0,11.0,50.0,14.0,49.0,11.0,3.0,0.0,0.0
MAN UTD,MAN CITY,1-2,1-1,6.0,5.6,7.0,35,65,2.0,5.0,8.0,1.0,2.0,20.0,68.0,13.0,17.0,16.0,4.0,0.0,0.0,3.0,7.0,14.0,4.0,8.0,20.0,83.0,20.0,15.0,10.0,2.0,0.0,0.0
BURNLEY,STOKE,1-0,0-0,3.7,5.9,6.0,51,49,5.0,2.0,10.0,3.0,6.0,32.0,64.0,31.0,36.0,6.0,0.0,0.0,0.0,6.0,7.0,14.0,1.0,4.0,29.0,63.0,44.0,36.0,14.0,0.0,0.0,0.0
HUDDERSFIELD,CHELSEA,1-3,0-2,5.8,5.5,7.7,36,64,4.0,2.0,7.0,1.0,1.0,15.0,84.0,11.0,16.0,11.0,0.0,0.0,0.0,4.0,5.0,12.0,3.0,3.0,21.0,92.0,11.0,14.0,4.0,0.0,0.0,0.0
CRYSTAL PALACE,WATFORD,2-1,0-1,6.1,6.6,5.9,54,46,6.0,4.0,14.0,4.0,4.0,21.0,77.0,35.0,45.0,14.0,2.0,0.0,0.0,3.0,2.0,7.0,2.0,6.0,24.0,69.0,16.0,26.0,18.0,2.0,1.0,0.0
SWANSEA,MAN CITY,0-4,0-2,5.6,4.3,8.8,21,79,2.0,3.0,7.0,2.0,2.0,17.0,67.0,10.0,18.0,12.0,0.0,0.0,0.0,10.0,10.0,23.0,3.0,5.0,22.0,91.0,11.0,14.0,6.0,0.0,0.0,0.0
NEWCASTLE,EVERTON,0-1,0-1,4.1,5.4,6.9,55,45,4.0,4.0,16.0,8.0,4.0,41.0,77.0,34.0,7.0,10.0,2.0,1.0,0.0,3.0,4.0,7.0,0.0,1.0,23.0,73.0,37.0,49.0,11.0,2.0,0.0,0.0
SOUTHAMPTON,LEICESTER CITY,1-4,0-3,6.4,4.7,8.4,53,47,5.0,4.0,11.0,2.0,9.0,28.0,81.0,21.0,18.0,13.0,1.0,0.0,0.0,2.0,11.0,16.0,3.0,9.0,25.0,75.0,16.0,17.0,9.0,0.0,0.0,0.0
LIVERPOOL,WEST BROM,0-0,0-0,2.6,6.7,6.8,70,30,3.0,5.0,14.0,6.0,5.0,24.0,86.0,17.0,24.0,16.0,1.0,0.0,0.0,4.0,1.0,6.0,1.0,7.0,15.0,67.0,17.0,31.0,6.0,1.0,0.0,0.0
TOTTENHAM,BRIGHTON,2-0,1-0,5.8,7.5,5.4,75,25,6.0,8.0,25.0,11.0,10.0,28.0,89.0,20.0,4.0,5.0,1.0,0.0,0.0,2.0,4.0,7.0,1.0,2.0,20.0,65.0,20.0,37.0,10.0,1.0,0.0,0.0
MAN UTD,BOURNEMOUTH,1-0,1-0,4.0,6.4,6.2,56,44,3.0,2.0,9.0,4.0,4.0,21.0,85.0,10.0,18.0,14.0,1.0,0.0,0.0,4.0,7.0,14.0,3.0,9.0,14.0,80.0,12.0,18.0,12.0,2.0,0.0,0.0
WEST HAM,ARSENAL,0-0,0-0,3.0,6.5,6.6,30,70,4.0,0.0,6.0,2.0,1.0,21.0,71.0,20.0,38.0,9.0,2.0,0.0,0.0,8.0,3.0,22.0,11.0,7.0,21.0,86.0,19.0,24.0,9.0,0.0,0.0,0.0
LEICESTER CITY,CRYSTAL PALACE,0-3,0-2,5.6,4.8,8.4,56,44,5.0,2.0,11.0,4.0,6.0,27.0,79.0,23.0,12.0,12.0,3.0,1.0,0.0,3.0,6.0,13.0,4.0,4.0,22.0,75.0,22.0,35.0,13.0,2.0,0.0,0.0
ARSENAL,NEWCASTLE,1-0,1-0,3.7,7.0,5.8,71,29,11.0,5.0,23.0,7.0,7.0,21.0,85.0,26.0,24.0,13.0,2.0,0.0,0.0,4.0,2.0,10.0,4.0,5.0,11.0,67.0,38.0,41.0,9.0,1.0,0.0,0.0
CHELSEA,SOUTHAMPTON,1-0,1-0,4.4,7.3,5.5,54,46,8.0,8.0,24.0,8.0,8.0,28.0,86.0,9.0,17.0,8.0,1.0,0.0,0.0,2.0,2.0,6.0,2.0,4.0,17.0,81.0,12.0,25.0,16.0,3.0,0.0,0.0
BRIGHTON,BURNLEY,0-0,0-0,2.9,5.2,6.2,58,42,6.0,2.0,12.0,4.0,8.0,33.0,79.0,32.0,37.0,13.0,4.0,0.0,0.0,0.0,7.0,11.0,4.0,2.0,15.0,68.0,36.0,28.0,13.0,2.0,0.0,0.0
WATFORD,HUDDERSFIELD,1-4,0-2,7.2,4.3,7.9,59,41,7.0,3.0,13.0,3.0,8.0,32.0,79.0,21.0,14.0,12.0,2.0,0.0,1.0,4.0,9.0,15.0,2.0,7.0,19.0,73.0,24.0,20.0,17.0,2.0,1.0,0.0
STOKE,WEST HAM,0-3,0-1,6.2,4.9,8.0,55,45,8.0,0.0,17.0,9.0,7.0,21.0,77.0,25.0,14.0,12.0,2.0,0.0,0.0,6.0,7.0,14.0,1.0,9.0,25.0,79.0,19.0,47.0,13.0,1.0,0.0,0.0
MAN CITY,TOTTENHAM,4-1,1-0,8.3,8.0,4.3,53,47,7.0,11.0,20.0,2.0,5.0,18.0,81.0,3.0,7.0,13.0,2.0,0.0,0.0,4.0,2.0,7.0,1.0,1.0,26.0,79.0,6.0,13.0,20.0,4.0,0.0,0.0
WEST BROM,MAN UTD,1-2,0-2,5.3,6.4,6.4,43,57,3.0,5.0,12.0,4.0,6.0,24.0,79.0,9.0,14.0,14.0,1.0,0.0,0.0,2.0,3.0,8.0,3.0,3.0,20.0,82.0,13.0,20.0,7.0,3.0,0.0,0.0
BOURNEMOUTH,LIVERPOOL,0-4,0-3,6.2,4.4,8.7,44,56,2.0,2.0,6.0,2.0,2.0,24.0,81.0,9.0,17.0,5.0,1.0,0.0,0.0,12.0,7.0,21.0,2.0,3.0,18.0,88.0,8.0,18.0,10.0,1.0,0.0,0.0
EVERTON,SWANSEA,3-1,1-1,6.1,6.9,4.7,51,49,3.0,7.0,12.0,2.0,6.0,25.0,78.0,17.0,17.0,12.0,2.0,0.0,0.0,4.0,3.0,8.0,1.0,3.0,29.0,77.0,16.0,22.0,12.0,3.0,0.0,0.0
ARSENAL,LIVERPOOL,3-3,0-1,9.1,6.2,7.5,53,47,3.0,4.0,11.0,4.0,7.0,27.0,76.0,18.0,17.0,9.0,1.0,0.0,0.0,5.0,9.0,14.0,0.0,8.0,22.0,77.0,23.0,30.0,11.0,0.0,0.0,0.0
EVERTON,CHELSEA,0-0,0-0,3.1,6.1,6.7,32,68,3.0,0.0,5.0,2.0,2.0,12.0,70.0,22.0,57.0,8.0,3.0,0.0,0.0,9.0,8.0,25.0,8.0,7.0,26.0,84.0,16.0,8.0,4.0,0.0,0.0,0.0
WEST HAM,NEWCASTLE,2-3,1-1,8.4,5.3,6.7,63,37,5.0,6.0,19.0,8.0,6.0,31.0,77.0,37.0,29.0,9.0,1.0,0.0,0.0,5.0,4.0,11.0,2.0,3.0,19.0,62.0,31.0,56.0,12.0,1.0,0.0,0.0
SOUTHAMPTON,HUDDERSFIELD,1-1,1-0,4.6,6.5,6.2,53,47,4.0,6.0,12.0,2.0,9.0,30.0,70.0,22.0,30.0,16.0,2.0,0.0,0.0,4.0,2.0,10.0,4.0,1.0,23.0,65.0,19.0,25.0,9.0,1.0,0.0,0.0
BRIGHTON,WATFORD,1-0,0-0,2.8,6.7,5.7,52,48,8.0,3.0,14.0,3.0,6.0,22.0,77.0,38.0,18.0,8.0,0.0,0.0,0.0,6.0,1.0,12.0,5.0,4.0,34.0,73.0,25.0,27.0,11.0,0.0,0.0,0.0
MAN CITY,BOURNEMOUTH,4-0,1-0,5.0,8.4,5.0,79,21,5.0,5.0,14.0,4.0,4.0,21.0,92.0,13.0,10.0,8.0,0.0,0.0,0.0,2.0,1.0,5.0,2.0,6.0,14.0,70.0,10.0,27.0,7.0,1.0,0.0,0.0
SWANSEA,CRYSTAL PALACE,1-1,0-0,4.4,6.3,6.7,64,36,3.0,2.0,7.0,2.0,6.0,18.0,85.0,11.0,13.0,13.0,2.0,0.0,0.0,4.0,5.0,13.0,4.0,3.0,22.0,76.0,18.0,21.0,11.0,3.0,0.0,0.0
STOKE,WEST BROM,3-1,2-0,6.2,7.0,5.7,44,56,2.0,5.0,9.0,2.0,1.0,24.0,73.0,33.0,43.0,9.0,1.0,0.0,0.0,5.0,7.0,17.0,5.0,11.0,41.0,76.0,24.0,16.0,11.0,0.0,0.0,0.0
BURNLEY,TOTTENHAM,0-3,0-1,4.9,4.5,7.6,40,60,3.0,2.0,5.0,0.0,4.0,24.0,67.0,21.0,29.0,10.0,1.0,0.0,0.0,5.0,8.0,18.0,5.0,4.0,29.0,80.0,33.0,37.0,10.0,2.0,0.0,0.0
LEICESTER CITY,MAN UTD,2-2,1-1,8.5,5.8,6.8,50,50,3.0,3.0,11.0,5.0,4.0,19.0,79.0,7.0,16.0,19.0,3.0,1.0,0.0,9.0,6.0,19.0,4.0,6.0,20.0,83.0,14.0,29.0,8.0,2.0,0.0,0.0
TOTTENHAM,SOUTHAMPTON,5-2,2-0,8.3,7.5,5.4,57,43,7.0,7.0,16.0,2.0,3.0,15.0,83.0,15.0,29.0,8.0,0.0,0.0,0.0,7.0,6.0,16.0,3.0,8.0,14.0,74.0,9.0,17.0,15.0,2.0,0.0,0.0
WATFORD,LEICESTER CITY,2-1,1-1,5.4,6.2,5.6,50,50,7.0,1.0,11.0,3.0,8.0,28.0,66.0,22.0,30.0,7.0,3.0,0.0,0.0,3.0,5.0,11.0,3.0,8.0,43.0,68.0,30.0,22.0,13.0,3.0,0.0,0.0
BOURNEMOUTH,WEST HAM,3-3,1-1,10.0,6.6,6.1,56,44,10.0,10.0,25.0,5.0,7.0,19.0,78.0,26.0,12.0,12.0,3.0,0.0,0.0,3.0,5.0,10.0,2.0,4.0,29.0,71.0,18.0,33.0,14.0,4.0,0.0,0.0
CHELSEA,BRIGHTON,2-0,0-0,4.7,7.9,4.9,67,33,10.0,8.0,25.0,7.0,13.0,11.0,88.0,10.0,13.0,8.0,0.0,0.0,0.0,4.0,1.0,8.0,3.0,1.0,14.0,77.0,21.0,32.0,8.0,1.0,0.0,0.0
WEST BROM,EVERTON,0-0,0-0,2.4,6.2,6.0,53,47,10.0,3.0,17.0,4.0,10.0,28.0,71.0,38.0,23.0,14.0,2.0,0.0,0.0,4.0,3.0,7.0,0.0,2.0,31.0,69.0,26.0,36.0,13.0,0.0,0.0,0.0
MAN UTD,BURNLEY,2-2,0-2,8.5,6.6,5.2,71,29,7.0,6.0,24.0,11.0,12.0,24.0,84.0,33.0,18.0,10.0,3.0,0.0,0.0,1.0,2.0,3.0,0.0,2.0,18.0,58.0,21.0,56.0,14.0,7.0,0.0,0.0
HUDDERSFIELD,STOKE,1-1,1-0,5.6,6.3,6.9,58,42,8.0,7.0,18.0,3.0,8.0,29.0,83.0,15.0,20.0,9.0,2.0,0.0,0.0,5.0,7.0,15.0,3.0,5.0,16.0,74.0,34.0,41.0,12.0,4.0,0.0,0.0
LIVERPOOL,SWANSEA,5-0,1-0,6.3,8.8,4.8,55,45,7.0,9.0,22.0,6.0,4.0,14.0,88.0,8.0,7.0,5.0,0.0,0.0,0.0,2.0,4.0,7.0,1.0,2.0,17.0,85.0,12.0,21.0,8.0,1.0,0.0,0.0
NEWCASTLE,MAN CITY,0-1,0-1,4.5,5.2,7.4,22,78,3.0,2.0,6.0,1.0,3.0,19.0,58.0,22.0,23.0,11.0,1.0,0.0,0.0,12.0,6.0,22.0,4.0,8.0,19.0,89.0,15.0,9.0,6.0,0.0,0.0,0.0
CRYSTAL PALACE,ARSENAL,2-3,0-1,8.4,5.6,7.6,35,65,9.0,2.0,16.0,5.0,5.0,34.0,74.0,23.0,28.0,12.0,1.0,0.0,0.0,3.0,9.0,16.0,4.0,4.0,22.0,85.0,20.0,28.0,7.0,1.0,0.0,0.0
LIVERPOOL,LEICESTER CITY,2-1,0-1,5.4,6.8,5.7,61,39,7.0,6.0,18.0,5.0,7.0,41.0,81.0,17.0,27.0,7.0,3.0,0.0,0.0,1.0,1.0,7.0,5.0,1.0,25.0,70.0,17.0,32.0,3.0,2.0,0.0,0.0
NEWCASTLE,BRIGHTON,0-0,0-0,2.3,5.9,6.1,45,55,5.0,2.0,11.0,4.0,3.0,36.0,71.0,28.0,20.0,11.0,2.0,0.0,0.0,5.0,3.0,10.0,2.0,6.0,21.0,78.0,31.0,37.0,10.0,2.0,0.0,0.0
CHELSEA,STOKE,5-0,3-0,6.3,9.3,4.0,58,42,7.0,12.0,21.0,2.0,7.0,18.0,91.0,13.0,9.0,5.0,1.0,0.0,0.0,0.0,1.0,1.0,0.0,0.0,11.0,83.0,5.0,22.0,10.0,1.0,0.0,0.0
HUDDERSFIELD,BURNLEY,0-0,0-0,2.0,5.9,6.7,57,43,2.0,1.0,3.0,0.0,5.0,28.0,74.0,31.0,33.0,14.0,2.0,0.0,0.0,5.0,4.0,11.0,2.0,4.0,29.0,61.0,24.0,22.0,14.0,1.0,0.0,0.0
WATFORD,SWANSEA,1-2,1-0,6.5,5.5,7.3,51,49,4.0,4.0,9.0,1.0,1.0,22.0,82.0,28.0,20.0,14.0,4.0,0.0,0.0,4.0,4.0,9.0,1.0,8.0,22.0,83.0,16.0,13.0,13.0,2.0,0.0,0.0
BOURNEMOUTH,EVERTON,2-1,1-0,5.7,7.0,5.4,47,53,7.0,7.0,18.0,4.0,4.0,25.0,70.0,26.0,23.0,8.0,0.0,0.0,0.0,3.0,1.0,6.0,2.0,4.0,21.0,74.0,22.0,28.0,13.0,0.0,0.0,0.0
MAN UTD,SOUTHAMPTON,0-0,0-0,2.8,6.1,6.4,54,46,5.0,3.0,15.0,7.0,10.0,18.0,85.0,23.0,29.0,12.0,2.0,0.0,0.0,4.0,3.0,8.0,1.0,7.0,16.0,78.0,13.0,31.0,13.0,4.0,0.0,0.0
CRYSTAL PALACE,MAN CITY,0-0,0-0,3.3,5.5,6.3,25,75,4.0,2.0,10.0,4.0,7.0,13.0,60.0,15.0,31.0,14.0,5.0,0.0,0.0,4.0,4.0,15.0,7.0,8.0,18.0,88.0,16.0,26.0,11.0,4.0,0.0,0.0
WEST BROM,ARSENAL,1-1,0-0,5.4,6.2,6.1,35,65,4.0,3.0,14.0,7.0,5.0,15.0,76.0,18.0,31.0,14.0,3.0,0.0,0.0,5.0,4.0,14.0,5.0,6.0,18.0,84.0,12.0,23.0,9.0,3.0,0.0,0.0
TOTTENHAM,WEST HAM,1-1,0-0,5.1,7.1,6.4,71,29,9.0,8.0,31.0,14.0,7.0,32.0,83.0,18.0,15.0,10.0,0.0,0.0,0.0,2.0,1.0,3.0,0.0,1.0,22.0,66.0,16.0,41.0,6.0,2.0,0.0,0.0
BRIGHTON,BOURNEMOUTH,2-2,1-1,8.1,5.9,7.0,49,51,3.0,6.0,15.0,6.0,5.0,21.0,76.0,25.0,35.0,13.0,2.0,0.0,0.0,5.0,8.0,26.0,13.0,12.0,19.0,82.0,16.0,27.0,9.0,1.0,0.0,0.0
BURNLEY,LIVERPOOL,1-2,0-0,6.4,5.7,6.6,42,58,6.0,4.0,13.0,3.0,3.0,18.0,71.0,30.0,27.0,4.0,0.0,0.0,0.0,7.0,5.0,19.0,7.0,9.0,26.0,80.0,23.0,30.0,12.0,0.0,0.0,0.0
STOKE,NEWCASTLE,0-1,0-0,3.7,5.8,6.6,59,41,3.0,4.0,11.0,4.0,10.0,20.0,76.0,30.0,27.0,10.0,3.0,0.0,0.0,5.0,6.0,14.0,3.0,5.0,20.0,67.0,28.0,39.0,11.0,1.0,0.0,0.0
LEICESTER CITY,HUDDERSFIELD,3-0,0-0,5.2,7.5,5.5,51,49,6.0,5.0,11.0,1.0,4.0,32.0,80.0,25.0,19.0,7.0,1.0,0.0,0.0,3.0,1.0,6.0,2.0,1.0,20.0,81.0,26.0,43.0,9.0,1.0,0.0,0.0
EVERTON,MAN UTD,0-2,0-0,4.8,5.3,7.3,40,60,6.0,0.0,12.0,6.0,6.0,15.0,77.0,12.0,32.0,11.0,2.0,0.0,0.0,8.0,6.0,21.0,7.0,6.0,27.0,85.0,17.0,28.0,10.0,0.0,0.0,0.0
WEST HAM,WEST BROM,2-1,0-1,5.8,6.6,5.8,53,47,5.0,5.0,13.0,3.0,3.0,23.0,83.0,24.0,32.0,12.0,3.0,0.0,0.0,6.0,3.0,12.0,3.0,4.0,16.0,79.0,16.0,37.0,12.0,2.0,0.0,0.0
SOUTHAMPTON,CRYSTAL PALACE,1-2,1-0,5.3,6.0,6.9,61,39,7.0,3.0,10.0,0.0,4.0,25.0,79.0,16.0,23.0,8.0,0.0,0.0,0.0,4.0,4.0,11.0,3.0,7.0,29.0,70.0,23.0,18.0,11.0,1.0,0.0,0.0
SWANSEA,TOTTENHAM,0-2,0-1,4.8,5.6,7.5,32,68,5.0,1.0,8.0,2.0,6.0,16.0,74.0,11.0,19.0,12.0,2.0,0.0,0.0,5.0,5.0,12.0,2.0,5.0,25.0,88.0,17.0,21.0,9.0,2.0,0.0,0.0
MAN CITY,WATFORD,3-1,2-0,6.6,7.4,5.5,77,23,8.0,7.0,18.0,3.0,9.0,20.0,92.0,6.0,7.0,8.0,1.0,0.0,0.0,2.0,4.0,7.0,1.0,1.0,21.0,70.0,5.0,22.0,12.0,1.0,0.0,0.0
ARSENAL,CHELSEA,2-2,0-0,8.8,6.2,6.5,58,42,3.0,6.0,14.0,5.0,10.0,9.0,86.0,13.0,14.0,11.0,3.0,0.0,0.0,10.0,6.0,19.0,3.0,8.0,9.0,82.0,14.0,29.0,11.0,2.0,0.0,0.0
NEWCASTLE,SWANSEA,1-1,0-0,4.4,6.1,6.3,42,58,7.0,4.0,12.0,1.0,4.0,18.0,75.0,23.0,19.0,11.0,0.0,0.0,0.0,2.0,5.0,8.0,1.0,5.0,30.0,80.0,40.0,20.0,10.0,3.0,0.0,0.0
CHELSEA,LEICESTER CITY,0-0,0-0,3.4,6.4,5.7,55,45,4.0,7.0,17.0,6.0,6.0,21.0,84.0,11.0,15.0,14.0,2.0,0.0,0.0,6.0,1.0,14.0,7.0,3.0,17.0,79.0,17.0,24.0,13.0,3.0,1.0,0.0
WEST BROM,BRIGHTON,2-0,1-0,3.9,7.4,5.2,44,56,6.0,4.0,15.0,5.0,9.0,18.0,69.0,23.0,25.0,8.0,0.0,0.0,0.0,7.0,1.0,13.0,5.0,6.0,20.0,77.0,20.0,35.0,15.0,0.0,0.0,0.0
HUDDERSFIELD,WEST HAM,1-4,1-1,5.2,4.5,8.2,65,35,4.0,2.0,8.0,2.0,7.0,26.0,81.0,18.0,20.0,7.0,1.0,0.0,0.0,1.0,6.0,8.0,1.0,3.0,30.0,68.0,17.0,30.0,9.0,1.0,0.0,0.0
CRYSTAL PALACE,BURNLEY,1-0,1-0,2.9,6.3,5.8,44,56,8.0,2.0,17.0,7.0,3.0,24.0,65.0,35.0,27.0,16.0,0.0,0.0,0.0,5.0,2.0,8.0,1.0,2.0,23.0,75.0,36.0,21.0,10.0,3.0,0.0,0.0
WATFORD,SOUTHAMPTON,2-2,0-2,7.4,6.3,6.1,56,44,10.0,4.0,16.0,2.0,5.0,38.0,75.0,29.0,21.0,11.0,0.0,0.0,0.0,4.0,4.0,10.0,2.0,4.0,22.0,68.0,26.0,32.0,13.0,5.0,0.0,0.0
TOTTENHAM,EVERTON,4-0,1-0,5.7,8.3,4.4,61,39,6.0,10.0,20.0,4.0,3.0,26.0,84.0,22.0,22.0,11.0,0.0,0.0,0.0,4.0,0.0,7.0,3.0,3.0,21.0,72.0,16.0,24.0,15.0,2.0,0.0,0.0
BOURNEMOUTH,ARSENAL,2-1,0-0,5.8,7.1,5.8,40,60,5.0,5.0,13.0,3.0,4.0,26.0,63.0,26.0,24.0,8.0,2.0,0.0,0.0,5.0,3.0,12.0,4.0,5.0,24.0,74.0,31.0,30.0,10.0,2.0,0.0,0.0
LIVERPOOL,MAN CITY,4-3,1-1,10.0,7.4,6.2,36,64,4.0,7.0,16.0,5.0,5.0,11.0,75.0,4.0,18.0,10.0,2.0,0.0,0.0,3.0,4.0,11.0,4.0,6.0,20.0,86.0,22.0,21.0,7.0,3.0,0.0,0.0
MAN UTD,STOKE,3-0,2-0,5.8,7.6,5.4,60,40,6.0,9.0,20.0,5.0,6.0,13.0,90.0,9.0,12.0,14.0,2.0,0.0,0.0,5.0,5.0,11.0,1.0,1.0,13.0,83.0,14.0,16.0,10.0,1.0,0.0,0.0
BRIGHTON,CHELSEA,0-4,0-2,6.6,4.3,8.5,42,58,5.0,3.0,10.0,2.0,5.0,23.0,79.0,13.0,14.0,12.0,3.0,0.0,0.0,1.0,10.0,14.0,3.0,3.0,20.0,86.0,12.0,22.0,5.0,0.0,0.0,0.0
ARSENAL,CRYSTAL PALACE,4-1,4-0,6.5,8.0,5.4,63,37,1.0,10.0,16.0,5.0,5.0,8.0,88.0,16.0,30.0,6.0,0.0,0.0,0.0,1.0,5.0,9.0,3.0,10.0,12.0,83.0,16.0,20.0,8.0,0.0,0.0,0.0
STOKE,HUDDERSFIELD,2-0,0-0,3.9,7.3,4.8,48,52,4.0,6.0,11.0,1.0,3.0,29.0,60.0,63.0,25.0,18.0,1.0,0.0,0.0,3.0,3.0,6.0,0.0,2.0,41.0,55.0,36.0,17.0,13.0,1.0,0.0,0.0
EVERTON,WEST BROM,1-1,0-1,4.4,6.1,6.5,57,43,2.0,4.0,9.0,3.0,0.0,29.0,72.0,24.0,25.0,15.0,2.0,0.0,0.0,9.0,5.0,15.0,1.0,3.0,31.0,63.0,35.0,21.0,10.0,1.0,0.0,0.0
LEICESTER CITY,WATFORD,2-0,1-0,4.1,6.8,5.6,53,47,3.0,5.0,9.0,1.0,4.0,24.0,78.0,14.0,26.0,11.0,0.0,0.0,0.0,4.0,3.0,11.0,4.0,5.0,19.0,71.0,22.0,21.0,10.0,0.0,0.0,0.0
BURNLEY,MAN UTD,0-1,0-0,3.6,5.9,6.4,48,52,8.0,3.0,14.0,3.0,5.0,20.0,73.0,12.0,23.0,7.0,3.0,0.0,0.0,4.0,2.0,12.0,6.0,4.0,26.0,79.0,34.0,37.0,13.0,3.0,0.0,0.0
WEST HAM,BOURNEMOUTH,1-1,0-0,4.2,6.3,6.6,48,52,6.0,4.0,12.0,2.0,6.0,30.0,73.0,20.0,21.0,8.0,3.0,0.0,0.0,5.0,3.0,8.0,0.0,3.0,22.0,77.0,17.0,39.0,7.0,1.0,0.0,0.0
MAN CITY,NEWCASTLE,3-1,1-0,6.7,8.1,4.6,80,20,10.0,9.0,21.0,2.0,18.0,22.0,90.0,17.0,20.0,5.0,0.0,0.0,0.0,1.0,4.0,6.0,1.0,0.0,16.0,59.0,16.0,41.0,10.0,1.0,0.0,0.0
SOUTHAMPTON,TOTTENHAM,1-1,1-1,5.1,6.6,6.1,41,59,5.0,4.0,10.0,1.0,2.0,21.0,69.0,10.0,17.0,8.0,2.0,0.0,0.0,10.0,2.0,17.0,5.0,9.0,24.0,83.0,16.0,18.0,15.0,3.0,0.0,0.0
SWANSEA,LIVERPOOL,1-0,1-0,3.6,7.0,6.0,28,72,1.0,2.0,3.0,0.0,3.0,17.0,69.0,18.0,40.0,5.0,0.0,0.0,0.0,11.0,4.0,21.0,6.0,9.0,25.0,88.0,19.0,11.0,9.0,2.0,0.0,0.0
SWANSEA,ARSENAL,3-1,1-1,6.3,7.7,5.4,26,74,4.0,4.0,12.0,4.0,4.0,14.0,74.0,11.0,24.0,4.0,0.0,0.0,0.0,4.0,4.0,9.0,1.0,3.0,23.0,92.0,14.0,15.0,8.0,3.0,0.0,0.0
WEST HAM,CRYSTAL PALACE,1-1,1-1,3.9,6.6,6.1,40,60,4.0,3.0,8.0,1.0,5.0,21.0,69.0,24.0,24.0,11.0,1.0,0.0,0.0,5.0,3.0,9.0,1.0,3.0,21.0,82.0,26.0,20.0,15.0,3.0,0.0,0.0
HUDDERSFIELD,LIVERPOOL,0-3,0-2,4.5,4.9,8.1,25,75,2.0,1.0,5.0,2.0,1.0,15.0,69.0,16.0,38.0,8.0,0.0,0.0,0.0,3.0,7.0,14.0,4.0,4.0,24.0,89.0,15.0,17.0,8.0,0.0,0.0,0.0
CHELSEA,BOURNEMOUTH,0-3,0-0,5.7,5.2,8.4,66,34,8.0,5.0,21.0,8.0,8.0,29.0,84.0,23.0,9.0,5.0,1.0,0.0,0.0,2.0,5.0,11.0,4.0,5.0,20.0,73.0,10.0,36.0,12.0,0.0,0.0,0.0
EVERTON,LEICESTER CITY,2-1,2-0,5.7,6.5,5.8,44,56,4.0,4.0,9.0,1.0,5.0,26.0,67.0,13.0,25.0,10.0,0.0,0.0,0.0,4.0,2.0,8.0,2.0,5.0,38.0,73.0,23.0,33.0,10.0,2.0,0.0,0.0
NEWCASTLE,BURNLEY,1-1,0-0,5.1,5.6,5.9,52,48,7.0,4.0,14.0,3.0,7.0,25.0,71.0,42.0,43.0,15.0,1.0,0.0,0.0,6.0,2.0,11.0,3.0,4.0,33.0,66.0,33.0,28.0,15.0,2.0,0.0,0.0
SOUTHAMPTON,BRIGHTON,1-1,0-1,4.5,6.0,6.6,66,34,8.0,3.0,18.0,7.0,7.0,26.0,82.0,18.0,16.0,8.0,3.0,0.0,0.0,4.0,2.0,9.0,3.0,2.0,14.0,68.0,39.0,35.0,10.0,1.0,0.0,0.0
MAN CITY,WEST BROM,3-0,1-0,5.8,8.3,4.7,74,26,7.0,10.0,19.0,2.0,9.0,18.0,88.0,15.0,7.0,10.0,1.0,0.0,0.0,1.0,1.0,3.0,1.0,1.0,21.0,66.0,11.0,27.0,10.0,3.0,0.0,0.0
STOKE,WATFORD,0-0,0-0,2.3,6.2,5.7,48,52,4.0,4.0,11.0,3.0,2.0,30.0,58.0,43.0,39.0,12.0,4.0,0.0,0.0,5.0,2.0,11.0,4.0,6.0,28.0,62.0,40.0,38.0,12.0,3.0,0.0,0.0
TOTTENHAM,MAN UTD,2-0,2-0,4.8,7.5,5.5,53,47,9.0,6.0,22.0,7.0,6.0,18.0,82.0,11.0,19.0,10.0,2.0,0.0,0.0,2.0,3.0,6.0,1.0,3.0,15.0,79.0,15.0,15.0,13.0,2.0,0.0,0.0
BURNLEY,MAN CITY,1-1,0-1,5.6,5.7,7.1,29,71,4.0,3.0,8.0,1.0,3.0,24.0,64.0,15.0,26.0,9.0,4.0,0.0,0.0,6.0,7.0,20.0,7.0,13.0,20.0,87.0,13.0,25.0,6.0,1.0,0.0,0.0
WEST BROM,SOUTHAMPTON,2-3,1-2,7.1,5.6,6.7,39,61,4.0,3.0,9.0,2.0,5.0,21.0,66.0,29.0,14.0,12.0,2.0,0.0,0.0,5.0,5.0,13.0,3.0,7.0,25.0,77.0,26.0,27.0,10.0,1.0,0.0,0.0
MAN UTD,HUDDERSFIELD,2-0,0-0,4.4,7.0,5.5,74,26,4.0,7.0,16.0,5.0,5.0,23.0,89.0,14.0,17.0,5.0,2.0,0.0,0.0,1.0,0.0,4.0,3.0,2.0,8.0,72.0,18.0,33.0,19.0,4.0,0.0,0.0
LEICESTER CITY,SWANSEA,1-1,1-0,3.9,6.8,6.7,60,40,5.0,5.0,13.0,3.0,3.0,34.0,82.0,20.0,19.0,9.0,1.0,0.0,0.0,1.0,1.0,3.0,1.0,3.0,26.0,73.0,20.0,42.0,8.0,0.0,0.0,0.0
BRIGHTON,WEST HAM,3-1,1-1,5.3,6.8,5.6,54,46,11.0,5.0,21.0,5.0,4.0,40.0,75.0,24.0,15.0,11.0,3.0,0.0,0.0,2.0,1.0,4.0,1.0,1.0,25.0,74.0,28.0,36.0,7.0,1.0,0.0,0.0
BOURNEMOUTH,STOKE,2-1,0-1,5.9,6.7,5.7,57,43,3.0,8.0,15.0,4.0,8.0,27.0,72.0,26.0,20.0,14.0,2.0,0.0,0.0,6.0,4.0,13.0,3.0,1.0,26.0,67.0,35.0,36.0,19.0,3.0,0.0,0.0
ARSENAL,EVERTON,5-1,4-0,6.5,8.4,5.0,58,42,3.0,7.0,15.0,5.0,4.0,13.0,85.0,21.0,27.0,8.0,2.0,0.0,0.0,4.0,2.0,10.0,4.0,6.0,27.0,81.0,25.0,26.0,8.0,0.0,0.0,0.0
CRYSTAL PALACE,NEWCASTLE,1-1,0-1,5.1,6.3,6.5,54,46,10.0,6.0,20.0,4.0,5.0,36.0,79.0,31.0,25.0,11.0,1.0,0.0,0.0,2.0,8.0,12.0,2.0,6.0,21.0,70.0,19.0,30.0,8.0,1.0,0.0,0.0
LIVERPOOL,TOTTENHAM,2-2,1-0,8.1,5.4,6.3,34,66,4.0,3.0,9.0,2.0,3.0,14.0,68.0,14.0,41.0,15.0,3.0,0.0,0.0,2.0,6.0,13.0,5.0,7.0,20.0,80.0,16.0,18.0,9.0,1.0,0.0,0.0
WATFORD,CHELSEA,4-1,1-0,7.8,8.1,3.9,45,55,9.0,8.0,21.0,4.0,6.0,21.0,80.0,20.0,11.0,11.0,2.0,0.0,0.0,2.0,3.0,7.0,2.0,2.0,12.0,82.0,16.0,21.0,8.0,3.0,1.0,0.0
TOTTENHAM,ARSENAL,1-0,0-0,3.7,7.0,5.4,50,50,11.0,6.0,18.0,1.0,10.0,21.0,83.0,16.0,23.0,13.0,2.0,0.0,0.0,3.0,1.0,6.0,2.0,2.0,10.0,81.0,13.0,22.0,9.0,1.0,0.0,0.0
STOKE,BRIGHTON,1-1,0-1,4.7,5.8,6.5,57,43,6.0,3.0,15.0,6.0,7.0,40.0,76.0,31.0,29.0,6.0,0.0,0.0,0.0,7.0,6.0,14.0,1.0,4.0,19.0,64.0,40.0,46.0,10.0,0.0,0.0,0.0
EVERTON,CRYSTAL PALACE,3-1,0-0,6.2,6.9,5.5,53,47,2.0,5.0,11.0,4.0,8.0,22.0,77.0,14.0,27.0,14.0,1.0,0.0,0.0,5.0,4.0,16.0,7.0,7.0,28.0,77.0,27.0,37.0,15.0,1.0,0.0,0.0
WEST HAM,WATFORD,2-0,1-0,3.9,6.9,5.9,36,64,2.0,4.0,8.0,2.0,8.0,24.0,61.0,31.0,48.0,11.0,1.0,0.0,0.0,3.0,4.0,11.0,4.0,7.0,27.0,73.0,32.0,26.0,7.0,1.0,0.0,0.0
SWANSEA,BURNLEY,1-0,0-0,3.2,6.9,5.6,57,43,2.0,4.0,13.0,7.0,5.0,23.0,79.0,34.0,21.0,10.0,2.0,0.0,0.0,8.0,1.0,13.0,4.0,2.0,19.0,69.0,36.0,30.0,9.0,1.0,0.0,0.0
MAN CITY,LEICESTER CITY,5-1,1-1,6.3,8.5,4.2,70,30,6.0,11.0,19.0,2.0,8.0,24.0,87.0,11.0,13.0,10.0,2.0,0.0,0.0,0.0,2.0,2.0,0.0,2.0,11.0,67.0,17.0,29.0,12.0,3.0,0.0,0.0
HUDDERSFIELD,BOURNEMOUTH,4-1,2-1,5.8,7.7,4.8,51,49,5.0,4.0,15.0,6.0,2.0,27.0,73.0,23.0,22.0,12.0,0.0,0.0,0.0,2.0,2.0,7.0,3.0,6.0,34.0,70.0,14.0,27.0,12.0,3.0,0.0,0.0
NEWCASTLE,MAN UTD,1-0,0-0,3.3,7.0,5.8,36,64,5.0,3.0,10.0,2.0,0.0,18.0,70.0,24.0,47.0,12.0,0.0,0.0,0.0,3.0,4.0,13.0,6.0,10.0,33.0,80.0,19.0,17.0,15.0,2.0,0.0,0.0
SOUTHAMPTON,LIVERPOOL,0-2,0-2,3.9,6.0,6.8,52,48,2.0,4.0,6.0,0.0,3.0,26.0,78.0,21.0,11.0,5.0,1.0,0.0,0.0,8.0,4.0,16.0,4.0,1.0,28.0,78.0,20.0,22.0,8.0,2.0,0.0,0.0
CHELSEA,WEST BROM,3-0,1-0,5.3,8.0,4.8,57,43,6.0,8.0,20.0,6.0,8.0,12.0,83.0,16.0,20.0,11.0,0.0,0.0,0.0,7.0,1.0,8.0,0.0,7.0,12.0,80.0,25.0,15.0,11.0,2.0,0.0,0.0
LEICESTER CITY,STOKE,1-1,0-1,5.4,6.8,5.4,66,34,8.0,9.0,19.0,2.0,13.0,25.0,74.0,30.0,10.0,10.0,1.0,0.0,0.0,2.0,2.0,6.0,2.0,1.0,31.0,54.0,35.0,51.0,16.0,3.0,0.0,0.0
BOURNEMOUTH,NEWCASTLE,2-2,0-2,7.8,6.4,6.1,63,37,9.0,5.0,18.0,4.0,8.0,30.0,81.0,23.0,22.0,12.0,1.0,0.0,0.0,6.0,4.0,15.0,5.0,1.0,17.0,69.0,29.0,50.0,10.0,4.0,0.0,0.0
LIVERPOOL,WEST HAM,4-1,1-0,7.4,8.5,4.6,68,32,7.0,12.0,21.0,2.0,8.0,18.0,86.0,19.0,19.0,7.0,0.0,0.0,0.0,2.0,4.0,7.0,1.0,2.0,21.0,70.0,17.0,34.0,7.0,2.0,0.0,0.0
WEST BROM,HUDDERSFIELD,1-2,0-0,5.4,5.5,6.9,53,47,5.0,3.0,10.0,2.0,6.0,29.0,68.0,27.0,30.0,11.0,1.0,0.0,0.0,4.0,7.0,16.0,5.0,3.0,24.0,64.0,31.0,38.0,9.0,1.0,0.0,0.0
BURNLEY,SOUTHAMPTON,1-1,0-0,4.8,6.0,6.7,50,50,3.0,3.0,9.0,3.0,7.0,32.0,70.0,30.0,29.0,8.0,1.0,0.0,0.0,3.0,6.0,13.0,4.0,5.0,26.0,67.0,24.0,37.0,14.0,0.0,0.0,0.0
BRIGHTON,SWANSEA,4-1,1-0,6.4,7.3,4.8,48,52,9.0,5.0,16.0,2.0,3.0,12.0,76.0,21.0,25.0,17.0,1.0,0.0,0.0,6.0,1.0,11.0,4.0,5.0,27.0,77.0,12.0,11.0,6.0,0.0,0.0,0.0
WATFORD,EVERTON,1-0,0-0,3.3,6.7,6.0,54,46,4.0,5.0,13.0,4.0,6.0,28.0,74.0,35.0,28.0,10.0,3.0,0.0,0.0,4.0,2.0,7.0,1.0,5.0,33.0,66.0,12.0,28.0,9.0,1.0,0.0,0.0
CRYSTAL PALACE,TOTTENHAM,0-1,0-0,3.8,6.2,6.9,24,76,1.0,3.0,5.0,1.0,3.0,30.0,58.0,24.0,41.0,12.0,0.0,0.0,0.0,6.0,4.0,14.0,4.0,13.0,31.0,86.0,14.0,17.0,5.0,1.0,0.0,0.0
MAN UTD,CHELSEA,2-1,1-1,6.4,6.9,6.1,44,56,1.0,5.0,10.0,4.0,3.0,13.0,81.0,13.0,18.0,13.0,2.0,0.0,0.0,4.0,7.0,14.0,3.0,4.0,14.0,86.0,9.0,15.0,12.0,2.0,0.0,0.0
ARSENAL,MAN CITY,0-3,0-3,5.5,5.3,7.7,46,54,2.0,5.0,10.0,3.0,6.0,28.0,79.0,6.0,11.0,11.0,1.0,0.0,0.0,1.0,5.0,9.0,3.0,1.0,26.0,85.0,9.0,31.0,11.0,1.0,0.0,0.0
BURNLEY,EVERTON,2-1,0-1,6.4,6.9,5.2,54,46,3.0,8.0,21.0,10.0,10.0,36.0,72.0,24.0,31.0,9.0,1.0,0.0,0.0,6.0,4.0,10.0,0.0,4.0,27.0,67.0,26.0,44.0,12.0,1.0,0.0,1.0
WATFORD,WEST BROM,1-0,0-0,3.4,6.2,6.2,53,47,6.0,4.0,15.0,5.0,4.0,21.0,70.0,25.0,24.0,11.0,2.0,0.0,0.0,5.0,2.0,9.0,2.0,6.0,27.0,66.0,38.0,39.0,12.0,0.0,0.0,0.0
SWANSEA,WEST HAM,4-1,2-0,5.5,8.3,4.3,45,55,1.0,8.0,9.0,0.0,4.0,26.0,75.0,28.0,25.0,9.0,0.0,0.0,0.0,1.0,2.0,7.0,4.0,5.0,11.0,80.0,17.0,20.0,14.0,3.0,0.0,0.0
TOTTENHAM,HUDDERSFIELD,2-0,1-0,4.4,7.4,5.8,74,26,3.0,7.0,15.0,5.0,8.0,29.0,87.0,13.0,18.0,6.0,1.0,0.0,0.0,0.0,3.0,3.0,0.0,1.0,15.0,63.0,16.0,36.0,8.0,1.0,0.0,0.0
LEICESTER CITY,BOURNEMOUTH,1-1,0-1,4.9,6.5,6.1,55,45,9.0,4.0,23.0,10.0,13.0,26.0,67.0,31.0,13.0,11.0,2.0,0.0,0.0,4.0,3.0,8.0,1.0,1.0,27.0,65.0,35.0,50.0,7.0,1.0,0.0,0.0
SOUTHAMPTON,STOKE,0-0,0-0,3.1,6.5,6.5,65,35,5.0,6.0,18.0,7.0,15.0,32.0,78.0,15.0,13.0,8.0,0.0,0.0,0.0,9.0,3.0,12.0,0.0,4.0,22.0,68.0,27.0,47.0,13.0,1.0,0.0,0.0
LIVERPOOL,NEWCASTLE,2-0,1-0,3.6,7.3,5.6,71,29,3.0,3.0,14.0,8.0,8.0,17.0,85.0,29.0,12.0,7.0,0.0,0.0,0.0,2.0,2.0,7.0,3.0,3.0,22.0,66.0,21.0,18.0,9.0,0.0,0.0,0.0
BRIGHTON,ARSENAL,2-1,2-1,6.7,7.0,5.9,32,68,5.0,6.0,13.0,2.0,6.0,16.0,72.0,18.0,38.0,13.0,3.0,0.0,0.0,2.0,7.0,15.0,6.0,11.0,20.0,84.0,21.0,17.0,12.0,3.0,0.0,0.0
MAN CITY,CHELSEA,1-0,0-0,2.9,6.9,6.0,71,29,5.0,3.0,13.0,5.0,5.0,17.0,92.0,5.0,10.0,8.0,2.0,0.0,0.0,3.0,0.0,3.0,0.0,2.0,19.0,77.0,8.0,15.0,9.0,1.0,0.0,0.0
CRYSTAL PALACE,MAN UTD,2-3,1-0,8.5,5.9,7.0,30,70,5.0,4.0,10.0,1.0,3.0,15.0,67.0,24.0,41.0,10.0,1.0,0.0,0.0,3.0,8.0,17.0,6.0,7.0,28.0,85.0,22.0,28.0,8.0,3.0,0.0,0.0
MAN UTD,LIVERPOOL,2-1,2-0,5.1,6.9,6.1,32,68,1.0,2.0,5.0,2.0,1.0,18.0,69.0,22.0,40.0,10.0,2.0,0.0,0.0,5.0,2.0,14.0,7.0,13.0,18.0,83.0,13.0,12.0,16.0,1.0,0.0,0.0
HUDDERSFIELD,SWANSEA,0-0,0-0,3.1,6.4,5.9,81,19,15.0,4.0,30.0,11.0,12.0,34.0,90.0,30.0,10.0,9.0,2.0,0.0,0.0,0.0,0.0,0.0,0.0,0.0,18.0,52.0,24.0,67.0,9.0,3.0,0.0,1.0
WEST HAM,BURNLEY,0-3,0-0,4.9,5.3,7.5,52,48,6.0,4.0,13.0,3.0,5.0,25.0,79.0,21.0,16.0,13.0,2.0,0.0,0.0,2.0,4.0,7.0,1.0,1.0,24.0,77.0,23.0,37.0,7.0,2.0,0.0,0.0
NEWCASTLE,SOUTHAMPTON,3-0,2-0,4.2,7.4,4.9,37,63,2.0,5.0,7.0,1.0,2.0,28.0,62.0,28.0,35.0,10.0,0.0,0.0,0.0,3.0,2.0,6.0,1.0,6.0,43.0,73.0,20.0,12.0,10.0,2.0,0.0,0.0
EVERTON,BRIGHTON,2-0,0-0,4.6,6.3,4.9,59,41,7.0,3.0,13.0,3.0,10.0,28.0,78.0,16.0,22.0,10.0,0.0,0.0,0.0,5.0,4.0,10.0,1.0,3.0,18.0,63.0,20.0,35.0,14.0,1.0,0.0,1.0
WEST BROM,LEICESTER CITY,1-4,1-1,6.1,5.1,7.6,44,56,3.0,2.0,6.0,1.0,7.0,30.0,74.0,18.0,16.0,6.0,1.0,0.0,0.0,5.0,6.0,14.0,3.0,6.0,32.0,77.0,30.0,24.0,7.0,3.0,0.0,0.0
CHELSEA,CRYSTAL PALACE,2-1,2-0,7.5,7.8,5.1,62,38,9.0,11.0,27.0,7.0,12.0,22.0,87.0,18.0,20.0,8.0,1.0,0.0,0.0,5.0,2.0,9.0,2.0,3.0,15.0,80.0,15.0,34.0,9.0,2.0,0.0,0.0
ARSENAL,WATFORD,3-0,1-0,5.6,7.5,5.1,60,40,4.0,7.0,11.0,0.0,4.0,17.0,83.0,22.0,32.0,12.0,2.0,0.0,0.0,5.0,4.0,11.0,2.0,9.0,28.0,76.0,17.0,16.0,9.0,1.0,0.0,0.0
BOURNEMOUTH,TOTTENHAM,1-4,1-1,7.1,5.0,8.3,37,63,7.0,3.0,14.0,4.0,4.0,21.0,68.0,13.0,25.0,10.0,1.0,0.0,0.0,1.0,8.0,12.0,3.0,5.0,20.0,83.0,14.0,19.0,7.0,1.0,0.0,0.0
STOKE,MAN CITY,0-2,0-1,3.9,5.4,7.2,23,77,1.0,0.0,3.0,2.0,3.0,25.0,67.0,13.0,16.0,6.0,1.0,0.0,0.0,8.0,6.0,17.0,3.0,10.0,20.0,90.0,16.0,21.0,8.0,0.0,0.0,0.0
STOKE,EVERTON,1-2,0-0,6.3,5.4,7.1,43,57,2.0,4.0,9.0,3.0,1.0,8.0,74.0,21.0,17.0,13.0,1.0,0.0,1.0,5.0,9.0,16.0,2.0,9.0,20.0,80.0,10.0,14.0,12.0,1.0,0.0,0.0
HUDDERSFIELD,CRYSTAL PALACE,0-2,0-1,4.2,5.2,7.7,55,45,3.0,2.0,6.0,1.0,4.0,38.0,69.0,21.0,18.0,11.0,3.0,0.0,0.0,5.0,6.0,18.0,7.0,7.0,29.0,70.0,32.0,34.0,12.0,2.0,0.0,0.0
BOURNEMOUTH,WEST BROM,2-1,0-0,6.1,6.4,6.2,61,39,4.0,5.0,17.0,8.0,3.0,27.0,81.0,18.0,23.0,6.0,1.0,0.0,0.0,1.0,6.0,11.0,4.0,2.0,21.0,71.0,19.0,25.0,9.0,2.0,0.0,0.0
LIVERPOOL,WATFORD,5-0,2-0,5.8,9.4,4.4,58,42,1.0,10.0,13.0,2.0,6.0,26.0,82.0,18.0,13.0,5.0,1.0,0.0,0.0,2.0,1.0,4.0,1.0,0.0,23.0,72.0,20.0,24.0,4.0,0.0,0.0,0.0
BURNLEY,CHELSEA,1-2,0-1,5.2,5.5,6.7,39,61,2.0,2.0,5.0,1.0,3.0,17.0,74.0,20.0,25.0,9.0,1.0,0.0,0.0,5.0,5.0,16.0,6.0,2.0,21.0,84.0,30.0,28.0,11.0,0.0,0.0,0.0
SWANSEA,SOUTHAMPTON,0-1,0-0,3.7,5.5,6.9,53,47,5.0,3.0,11.0,3.0,7.0,36.0,72.0,36.0,17.0,7.0,2.0,0.0,0.0,3.0,8.0,13.0,2.0,6.0,20.0,68.0,45.0,56.0,15.0,1.0,0.0,0.0
LEICESTER CITY,ARSENAL,3-1,1-0,8.1,7.7,4.8,40,60,6.0,10.0,19.0,3.0,6.0,18.0,78.0,14.0,20.0,7.0,2.0,0.0,0.0,4.0,7.0,14.0,3.0,6.0,21.0,81.0,12.0,22.0,12.0,2.0,0.0,1.0
MAN CITY,BRIGHTON,3-1,2-1,6.2,7.4,5.4,74,26,8.0,7.0,19.0,4.0,4.0,21.0,92.0,21.0,8.0,5.0,0.0,0.0,0.0,3.0,3.0,6.0,0.0,3.0,16.0,80.0,10.0,25.0,7.0,1.0,0.0,0.0
TOTTENHAM,NEWCASTLE,1-0,0-0,4.0,6.6,5.3,63,37,3.0,7.0,11.0,1.0,6.0,32.0,83.0,18.0,33.0,10.0,2.0,0.0,0.0,9.0,3.0,14.0,2.0,4.0,17.0,66.0,24.0,22.0,8.0,3.0,0.0,0.0
WEST HAM,MAN UTD,0-0,0-0,3.2,6.3,6.7,44,56,6.0,2.0,9.0,1.0,1.0,12.0,83.0,9.0,17.0,12.0,1.0,0.0,0.0,7.0,6.0,16.0,3.0,6.0,25.0,86.0,18.0,14.0,12.0,1.0,0.0,0.0
CRYSTAL PALACE,LIVERPOOL,1-2,1-0,5.7,5.7,6.6,32,68,3.0,3.0,6.0,0.0,4.0,22.0,63.0,17.0,25.0,6.0,2.0,0.0,0.0,4.0,6.0,16.0,6.0,6.0,29.0,83.0,17.0,21.0,8.0,2.0,0.0,0.0
WEST BROM,BURNLEY,1-2,0-1,5.2,5.7,6.3,47,53,3.0,3.0,8.0,2.0,1.0,18.0,72.0,29.0,28.0,12.0,1.0,0.0,0.0,6.0,4.0,11.0,1.0,6.0,21.0,80.0,25.0,31.0,9.0,3.0,0.0,0.0
MAN UTD,SWANSEA,2-0,2-0,3.7,7.4,5.9,66,34,4.0,5.0,11.0,2.0,3.0,16.0,90.0,11.0,13.0,5.0,0.0,0.0,0.0,0.0,2.0,3.0,1.0,3.0,19.0,79.0,4.0,25.0,13.0,0.0,0.0,0.0
WEST HAM,SOUTHAMPTON,3-0,3-0,5.7,7.1,5.7,48,52,4.0,5.0,12.0,3.0,5.0,38.0,70.0,20.0,23.0,9.0,0.0,0.0,0.0,5.0,8.0,9.0,4.0,9.0,22.0,73.0,16.0,28.0,16.0,3.0,0.0,0.0
BRIGHTON,LEICESTER CITY,0-2,0-0,5.0,5.0,6.3,46,54,7.0,3.0,15.0,5.0,6.0,31.0,73.0,15.0,21.0,11.0,2.0,0.0,0.0,2.0,4.0,6.0,0.0,1.0,18.0,76.0,21.0,29.0,13.0,5.0,1.0,0.0
WATFORD,BOURNEMOUTH,2-2,1-1,8.0,5.8,6.7,50,50,4.0,5.0,16.0,7.0,7.0,21.0,76.0,15.0,10.0,16.0,4.0,0.0,0.0,4.0,6.0,13.0,3.0,4.0,20.0,79.0,21.0,37.0,6.0,0.0,0.0,0.0
NEWCASTLE,HUDDERSFIELD,1-0,0-0,3.0,6.6,5.9,63,37,9.0,3.0,18.0,6.0,3.0,30.0,80.0,18.0,27.0,9.0,1.0,0.0,0.0,2.0,0.0,4.0,2.0,3.0,22.0,65.0,17.0,34.0,10.0,4.0,0.0,0.0
EVERTON,MAN CITY,1-3,0-3,5.3,4.9,7.6,18,82,4.0,2.0,6.0,0.0,2.0,14.0,66.0,12.0,22.0,10.0,0.0,0.0,0.0,8.0,4.0,18.0,6.0,11.0,14.0,93.0,12.0,13.0,8.0,0.0,0.0,0.0
ARSENAL,STOKE,3-0,0-0,6.9,8.1,4.3,70,30,8.0,11.0,24.0,5.0,6.0,18.0,85.0,24.0,10.0,9.0,1.0,0.0,0.0,4.0,2.0,8.0,2.0,5.0,21.0,65.0,27.0,20.0,13.0,2.0,0.0,0.0
CHELSEA,TOTTENHAM,1-3,1-1,6.1,5.8,8.0,49,51,7.0,4.0,14.0,3.0,5.0,21.0,78.0,13.0,15.0,4.0,0.0,0.0,0.0,3.0,6.0,12.0,3.0,5.0,25.0,82.0,13.0,28.0,11.0,1.0,0.0,0.0
EVERTON,LIVERPOOL,0-0,0-0,1.9,6.1,6.4,38,62,4.0,1.0,6.0,1.0,3.0,27.0,68.0,25.0,31.0,12.0,0.0,0.0,0.0,4.0,3.0,10.0,3.0,2.0,29.0,80.0,23.0,19.0,7.0,0.0,0.0,0.0
WEST BROM,SWANSEA,1-1,0-0,3.9,6.3,6.3,52,48,4.0,3.0,15.0,8.0,5.0,29.0,82.0,19.0,20.0,15.0,3.0,0.0,0.0,5.0,1.0,7.0,1.0,1.0,20.0,79.0,23.0,25.0,5.0,2.0,0.0,0.0
LEICESTER CITY,NEWCASTLE,1-2,0-1,5.0,5.4,6.6,66,34,5.0,1.0,8.0,2.0,7.0,24.0,80.0,31.0,14.0,7.0,1.0,0.0,0.0,3.0,4.0,8.0,1.0,5.0,27.0,60.0,24.0,27.0,14.0,3.0,0.0,0.0
BRIGHTON,HUDDERSFIELD,1-1,1-1,4.9,6.0,6.4,41,59,6.0,4.0,13.0,3.0,5.0,26.0,65.0,34.0,30.0,13.0,1.0,0.0,1.0,5.0,5.0,15.0,5.0,3.0,18.0,78.0,34.0,20.0,7.0,0.0,0.0,0.0
WATFORD,BURNLEY,1-2,0-0,5.3,5.4,6.3,60,40,4.0,5.0,14.0,5.0,11.0,27.0,73.0,31.0,23.0,18.0,2.0,0.0,0.0,2.0,4.0,7.0,1.0,1.0,21.0,61.0,32.0,49.0,12.0,2.0,0.0,0.0
BOURNEMOUTH,CRYSTAL PALACE,2-2,0-0,8.1,6.3,6.6,53,47,12.0,5.0,21.0,4.0,11.0,26.0,81.0,18.0,12.0,8.0,2.0,0.0,0.0,3.0,6.0,13.0,4.0,3.0,16.0,80.0,17.0,35.0,9.0,2.0,0.0,0.0
STOKE,TOTTENHAM,1-2,0-0,5.9,6.0,6.4,33,67,5.0,4.0,10.0,1.0,6.0,25.0,60.0,13.0,29.0,19.0,4.0,0.0,0.0,5.0,4.0,15.0,6.0,3.0,19.0,83.0,22.0,28.0,8.0,3.0,0.0,0.0
MAN CITY,MAN UTD,2-3,2-0,8.6,5.7,6.9,65,35,9.0,6.0,20.0,5.0,8.0,23.0,87.0,10.0,14.0,17.0,6.0,0.0,0.0,1.0,4.0,5.0,0.0,4.0,17.0,77.0,10.0,14.0,9.0,3.0,0.0,0.0
ARSENAL,SOUTHAMPTON,3-2,2-1,9.1,6.6,5.8,65,35,4.0,7.0,13.0,2.0,8.0,24.0,85.0,23.0,33.0,11.0,2.0,0.0,1.0,4.0,8.0,15.0,3.0,6.0,19.0,72.0,23.0,24.0,7.0,1.0,0.0,1.0
CHELSEA,WEST HAM,1-1,1-0,5.2,6.9,6.2,59,41,11.0,6.0,23.0,6.0,10.0,20.0,85.0,27.0,18.0,7.0,0.0,0.0,0.0,0.0,2.0,5.0,3.0,6.0,14.0,75.0,7.0,19.0,11.0,1.0,0.0,0.0
SOUTHAMPTON,CHELSEA,2-3,1-0,8.0,5.9,6.3,42,58,2.0,7.0,10.0,1.0,4.0,25.0,73.0,12.0,29.0,13.0,5.0,0.0,0.0,4.0,5.0,17.0,8.0,7.0,28.0,81.0,23.0,16.0,14.0,3.0,0.0,0.0
SWANSEA,EVERTON,1-1,0-1,5.0,6.8,6.1,51,49,5.0,7.0,17.0,5.0,6.0,27.0,75.0,28.0,22.0,10.0,1.0,0.0,0.0,5.0,3.0,12.0,4.0,3.0,19.0,76.0,33.0,41.0,11.0,1.0,0.0,0.0
BURNLEY,LEICESTER CITY,2-1,2-0,5.3,5.8,5.8,39,61,2.0,3.0,8.0,3.0,4.0,31.0,59.0,28.0,31.0,9.0,2.0,0.0,0.0,4.0,6.0,15.0,5.0,8.0,31.0,72.0,27.0,18.0,10.0,1.0,0.0,0.0
HUDDERSFIELD,WATFORD,1-0,0-0,3.1,7.0,6.0,49,51,3.0,1.0,9.0,5.0,9.0,29.0,70.0,21.0,22.0,9.0,2.0,0.0,0.0,0.0,2.0,4.0,2.0,6.0,27.0,73.0,19.0,36.0,8.0,2.0,0.0,0.0
CRYSTAL PALACE,BRIGHTON,3-2,3-2,7.7,6.6,5.2,50,50,2.0,8.0,15.0,5.0,5.0,16.0,77.0,19.0,35.0,12.0,3.0,0.0,0.0,6.0,3.0,12.0,3.0,6.0,30.0,72.0,20.0,27.0,16.0,2.0,0.0,0.0
LIVERPOOL,BOURNEMOUTH,3-0,1-0,5.4,8.2,4.8,62,38,10.0,7.0,20.0,3.0,7.0,13.0,86.0,11.0,25.0,9.0,1.0,0.0,0.0,2.0,1.0,6.0,3.0,5.0,17.0,77.0,11.0,34.0,9.0,1.0,0.0,0.0
TOTTENHAM,MAN CITY,1-3,1-2,6.5,5.3,7.2,48,52,1.0,3.0,8.0,4.0,5.0,20.0,80.0,9.0,15.0,11.0,3.0,0.0,0.0,5.0,6.0,17.0,6.0,7.0,18.0,83.0,14.0,31.0,12.0,4.0,0.0,0.0
NEWCASTLE,ARSENAL,2-1,1-1,5.5,6.9,6.0,28,72,2.0,4.0,8.0,2.0,2.0,18.0,63.0,21.0,29.0,11.0,1.0,0.0,0.0,8.0,3.0,15.0,4.0,5.0,22.0,85.0,20.0,13.0,9.0,0.0,0.0,0.0
MAN UTD,WEST BROM,0-1,0-0,3.4,5.6,7.6,70,30,6.0,4.0,14.0,4.0,4.0,16.0,89.0,15.0,11.0,8.0,1.0,0.0,0.0,4.0,4.0,10.0,2.0,4.0,16.0,70.0,14.0,38.0,13.0,1.0,0.0,0.0
WEST HAM,STOKE,1-1,0-0,5.5,5.8,6.6,62,38,3.0,6.0,18.0,9.0,10.0,31.0,80.0,27.0,23.0,15.0,2.0,0.0,0.0,1.0,7.0,11.0,3.0,1.0,17.0,69.0,34.0,61.0,21.0,3.0,0.0,0.0
BRIGHTON,TOTTENHAM,1-1,0-0,4.8,6.7,6.1,36,64,2.0,5.0,8.0,1.0,3.0,26.0,70.0,15.0,29.0,6.0,1.0,0.0,0.0,5.0,6.0,16.0,5.0,4.0,24.0,85.0,19.0,14.0,5.0,0.0,0.0,0.0
BOURNEMOUTH,MAN UTD,0-2,0-1,4.4,5.7,7.5,44,56,6.0,2.0,13.0,5.0,8.0,20.0,82.0,18.0,26.0,9.0,3.0,0.0,0.0,1.0,4.0,13.0,8.0,5.0,21.0,85.0,23.0,25.0,8.0,1.0,0.0,0.0
LEICESTER CITY,SOUTHAMPTON,0-0,0-0,2.2,6.6,6.6,54,46,4.0,3.0,11.0,4.0,11.0,25.0,80.0,26.0,29.0,10.0,0.0,0.0,0.0,4.0,2.0,6.0,0.0,3.0,35.0,73.0,13.0,33.0,10.0,0.0,0.0,0.0
WEST BROM,LIVERPOOL,2-2,0-1,7.7,6.8,6.1,38,62,6.0,6.0,13.0,1.0,7.0,26.0,70.0,17.0,19.0,12.0,0.0,0.0,0.0,4.0,3.0,9.0,2.0,4.0,14.0,84.0,13.0,33.0,5.0,1.0,0.0,0.0
WATFORD,CRYSTAL PALACE,0-0,0-0,2.9,6.6,5.9,52,48,10.0,4.0,14.0,0.0,4.0,24.0,69.0,32.0,22.0,17.0,3.0,0.0,0.0,3.0,1.0,6.0,2.0,3.0,18.0,70.0,24.0,44.0,13.0,5.0,0.0,0.0
ARSENAL,WEST HAM,4-1,0-0,7.5,7.8,4.4,68,32,8.0,8.0,20.0,4.0,8.0,20.0,88.0,10.0,15.0,11.0,3.0,0.0,0.0,4.0,4.0,11.0,3.0,6.0,19.0,68.0,12.0,22.0,9.0,2.0,0.0,0.0
STOKE,BURNLEY,1-1,1-0,4.6,5.6,6.2,43,57,4.0,3.0,8.0,1.0,3.0,29.0,58.0,40.0,41.0,15.0,2.0,0.0,0.0,5.0,7.0,16.0,4.0,8.0,25.0,71.0,42.0,33.0,5.0,1.0,0.0,0.0
MAN CITY,SWANSEA,5-0,2-0,6.9,9.2,4.0,83,17,4.0,12.0,19.0,3.0,5.0,10.0,93.0,10.0,8.0,6.0,0.0,0.0,0.0,2.0,1.0,4.0,1.0,1.0,14.0,70.0,14.0,26.0,8.0,1.0,0.0,0.0
EVERTON,NEWCASTLE,1-0,0-0,2.6,6.6,6.0,56,44,5.0,1.0,9.0,3.0,4.0,24.0,76.0,30.0,42.0,10.0,2.0,0.0,0.0,4.0,2.0,9.0,3.0,6.0,26.0,64.0,27.0,30.0,11.0,1.0,0.0,0.0
CHELSEA,HUDDERSFIELD,1-1,0-0,4.8,6.7,6.3,78,22,6.0,5.0,22.0,11.0,9.0,31.0,87.0,19.0,7.0,7.0,0.0,0.0,0.0,1.0,2.0,3.0,0.0,0.0,10.0,56.0,21.0,64.0,10.0,1.0,0.0,0.0
LIVERPOOL,STOKE,0-0,0-0,2.2,6.2,6.3,72,28,8.0,2.0,20.0,10.0,9.0,38.0,83.0,17.0,11.0,7.0,1.0,0.0,0.0,3.0,1.0,5.0,1.0,2.0,21.0,56.0,29.0,43.0,14.0,2.0,0.0,0.0
CRYSTAL PALACE,LEICESTER CITY,5-0,2-0,6.4,9.1,3.8,50,50,4.0,9.0,15.0,2.0,8.0,17.0,83.0,8.0,22.0,11.0,1.0,0.0,0.0,2.0,1.0,6.0,3.0,2.0,22.0,80.0,11.0,19.0,9.0,1.0,0.0,1.0
NEWCASTLE,WEST BROM,0-1,0-1,3.2,5.8,7.1,63,37,9.0,2.0,17.0,6.0,5.0,27.0,81.0,28.0,15.0,8.0,1.0,0.0,0.0,6.0,2.0,9.0,1.0,1.0,32.0,66.0,21.0,32.0,13.0,3.0,0.0,0.0
BURNLEY,BRIGHTON,0-0,0-0,2.3,6.0,6.0,44,56,2.0,4.0,10.0,4.0,3.0,24.0,64.0,22.0,25.0,5.0,0.0,0.0,0.0,4.0,2.0,10.0,4.0,4.0,23.0,74.0,33.0,28.0,17.0,2.0,0.0,0.0
HUDDERSFIELD,EVERTON,0-2,0-1,3.8,5.6,7.3,54,46,2.0,2.0,9.0,5.0,4.0,40.0,77.0,20.0,15.0,9.0,1.0,0.0,0.0,1.0,5.0,7.0,1.0,3.0,24.0,68.0,19.0,41.0,8.0,0.0,0.0,0.0
SOUTHAMPTON,BOURNEMOUTH,2-1,1-1,6.3,6.2,5.8,40,60,4.0,6.0,14.0,4.0,5.0,13.0,72.0,22.0,31.0,12.0,5.0,0.0,0.0,5.0,7.0,14.0,2.0,8.0,30.0,79.0,21.0,19.0,11.0,1.0,0.0,0.0
SWANSEA,CHELSEA,0-1,0-1,3.7,6.2,6.7,51,49,5.0,3.0,10.0,2.0,1.0,17.0,87.0,7.0,10.0,13.0,1.0,0.0,0.0,5.0,3.0,11.0,3.0,2.0,19.0,87.0,16.0,27.0,9.0,1.0,0.0,0.0
WEST HAM,MAN CITY,1-4,1-2,5.7,4.9,8.6,25,75,2.0,1.0,4.0,1.0,0.0,23.0,72.0,5.0,20.0,5.0,0.0,0.0,0.0,7.0,8.0,19.0,4.0,7.0,15.0,92.0,12.0,14.0,11.0,1.0,0.0,0.0
MAN UTD,ARSENAL,2-1,1-0,6.7,7.0,6.4,59,41,6.0,3.0,16.0,7.0,9.0,22.0,89.0,5.0,7.0,12.0,0.0,0.0,0.0,4.0,3.0,8.0,1.0,0.0,18.0,82.0,7.0,32.0,7.0,1.0,0.0,0.0
TOTTENHAM,WATFORD,2-0,1-0,4.3,7.2,6.1,61,39,6.0,3.0,13.0,4.0,4.0,29.0,86.0,19.0,22.0,11.0,1.0,0.0,0.0,5.0,5.0,13.0,3.0,0.0,26.0,72.0,16.0,22.0,10.0,0.0,0.0,0.0
BRIGHTON,MAN UTD,1-0,0-0,3.6,6.8,6.0,32,68,4.0,4.0,11.0,3.0,5.0,17.0,70.0,15.0,22.0,5.0,2.0,0.0,0.0,7.0,3.0,16.0,6.0,6.0,23.0,89.0,15.0,19.0,3.0,0.0,0.0,0.0
STOKE,CRYSTAL PALACE,1-2,1-0,5.0,5.6,6.6,41,59,4.0,2.0,7.0,1.0,1.0,19.0,65.0,22.0,29.0,18.0,5.0,0.0,0.0,7.0,2.0,13.0,4.0,7.0,26.0,77.0,20.0,26.0,12.0,2.0,0.0,0.0
WEST BROM,TOTTENHAM,1-0,0-0,4.0,6.5,6.0,26,74,6.0,1.0,9.0,2.0,5.0,6.0,60.0,20.0,45.0,13.0,4.0,0.0,0.0,7.0,5.0,18.0,6.0,9.0,23.0,84.0,18.0,25.0,12.0,1.0,0.0,0.0
LEICESTER CITY,WEST HAM,0-2,0-1,4.3,5.8,7.4,54,46,4.0,2.0,13.0,7.0,8.0,21.0,79.0,17.0,26.0,8.0,1.0,0.0,0.0,3.0,3.0,13.0,7.0,3.0,35.0,74.0,22.0,36.0,9.0,2.0,0.0,0.0
WATFORD,NEWCASTLE,2-1,2-0,6.0,6.9,5.1,39,61,1.0,8.0,11.0,2.0,2.0,16.0,75.0,17.0,41.0,9.0,2.0,0.0,0.0,4.0,1.0,9.0,4.0,5.0,25.0,82.0,25.0,16.0,11.0,1.0,0.0,0.0
BOURNEMOUTH,SWANSEA,1-0,1-0,3.5,6.8,5.8,45,55,6.0,5.0,13.0,2.0,11.0,21.0,76.0,32.0,45.0,10.0,1.0,0.0,0.0,6.0,3.0,12.0,3.0,6.0,24.0,73.0,23.0,23.0,10.0,4.0,0.0,0.0
EVERTON,SOUTHAMPTON,1-1,0-0,4.8,6.0,6.1,54,46,5.0,3.0,9.0,1.0,3.0,27.0,78.0,31.0,19.0,14.0,2.0,0.0,0.0,2.0,5.0,11.0,4.0,4.0,21.0,74.0,22.0,29.0,12.0,5.0,1.0,0.0
MAN CITY,HUDDERSFIELD,0-0,0-0,2.3,6.3,6.5,79,21,10.0,2.0,15.0,3.0,10.0,37.0,88.0,15.0,9.0,9.0,0.0,0.0,0.0,2.0,3.0,5.0,1.0,1.0,23.0,56.0,20.0,55.0,4.0,3.0,0.0,0.0
ARSENAL,BURNLEY,5-0,2-0,6.0,8.9,4.5,64,36,5.0,8.0,16.0,3.0,4.0,14.0,89.0,11.0,20.0,6.0,0.0,0.0,0.0,2.0,2.0,6.0,2.0,5.0,14.0,80.0,16.0,23.0,7.0,1.0,0.0,0.0
CHELSEA,LIVERPOOL,1-0,1-0,3.5,6.8,6.1,32,68,6.0,4.0,12.0,2.0,3.0,20.0,71.0,20.0,37.0,12.0,3.0,0.0,0.0,5.0,5.0,10.0,0.0,1.0,30.0,88.0,18.0,10.0,9.0,2.0,0.0,0.0
MAN UTD,WATFORD,1-0,1-0,2.9,6.7,6.5,51,49,4.0,1.0,7.0,2.0,6.0,23.0,80.0,11.0,23.0,6.0,4.0,0.0,0.0,3.0,3.0,7.0,1.0,5.0,17.0,83.0,13.0,24.0,11.0,0.0,0.0,0.0
BURNLEY,BOURNEMOUTH,1-2,1-0,5.8,5.5,6.6,51,49,5.0,4.0,10.0,1.0,7.0,22.0,73.0,22.0,17.0,14.0,0.0,0.0,0.0,5.0,5.0,16.0,6.0,8.0,25.0,76.0,18.0,33.0,9.0,0.0,0.0,0.0
HUDDERSFIELD,ARSENAL,0-1,0-1,3.8,6.1,6.8,45,55,11.0,3.0,19.0,5.0,7.0,23.0,77.0,23.0,19.0,11.0,1.0,0.0,0.0,3.0,4.0,9.0,2.0,4.0,27.0,80.0,13.0,36.0,7.0,0.0,0.0,0.0
WEST HAM,EVERTON,3-1,1-0,6.7,6.6,5.9,57,43,5.0,4.0,15.0,6.0,6.0,15.0,83.0,22.0,20.0,10.0,0.0,0.0,0.0,3.0,7.0,14.0,4.0,6.0,11.0,78.0,14.0,21.0,13.0,1.0,0.0,0.0
SOUTHAMPTON,MAN CITY,0-1,0-0,4.1,5.9,6.8,30,70,5.0,3.0,8.0,0.0,1.0,21.0,67.0,17.0,30.0,8.0,3.0,0.0,0.0,5.0,2.0,13.0,6.0,12.0,20.0,87.0,18.0,21.0,10.0,2.0,0.0,0.0
CRYSTAL PALACE,WEST BROM,2-0,0-0,3.8,8.0,5.7,59,41,4.0,5.0,11.0,2.0,4.0,27.0,87.0,13.0,18.0,10.0,2.0,0.0,0.0,6.0,1.0,7.0,0.0,2.0,17.0,79.0,12.0,14.0,11.0,3.0,0.0,0.0
LIVERPOOL,BRIGHTON,4-0,2-0,5.5,8.9,4.2,72,28,5.0,11.0,22.0,6.0,7.0,21.0,89.0,17.0,7.0,3.0,0.0,0.0,0.0,0.0,1.0,2.0,1.0,3.0,13.0,71.0,10.0,30.0,6.0,0.0,0.0,0.0
SWANSEA,STOKE,1-2,1-2,6.8,6.2,6.2,58,42,5.0,11.0,27.0,11.0,6.0,18.0,87.0,11.0,4.0,12.0,1.0,0.0,0.0,2.0,5.0,8.0,1.0,0.0,11.0,81.0,22.0,43.0,9.0,2.0,0.0,0.0
NEWCASTLE,CHELSEA,3-0,1-0,5.0,8.0,5.8,42,58,5.0,6.0,16.0,5.0,4.0,20.0,78.0,11.0,10.0,11.0,0.0,0.0,0.0,3.0,2.0,6.0,1.0,2.0,20.0,85.0,25.0,37.0,10.0,1.0,0.0,0.0
TOTTENHAM,LEICESTER CITY,5-4,1-2,9.5,6.4,6.1,64,36,5.0,6.0,14.0,3.0,4.0,26.0,82.0,10.0,17.0,9.0,1.0,0.0,0.0,7.0,9.0,17.0,1.0,4.0,17.0,73.0,15.0,19.0,13.0,2.0,0.0,0.0
